time,pid,ws_mb,private_mb
11:19:17.520,33492,1251,1300
11:19:18.069,33492,1252,1301
11:19:18.590,33492,1252,1301
11:19:19.109,33492,1252,1301
11:19:19.629,33492,1252,1301
11:19:20.135,33492,1252,1301
11:19:20.654,33492,1252,1301
11:19:21.170,33492,1252,1301
11:19:21.688,33492,1252,1301
11:19:22.207,33492,1252,1301
11:19:22.723,33492,1252,1301
11:19:23.237,33492,1252,1301
11:19:23.755,33492,1252,1301
11:19:24.274,33492,1252,1301
11:19:24.796,33492,1252,1301
11:19:25.315,33492,1252,1301
11:19:25.834,33492,1252,1301
11:19:26.354,33492,1252,1301
11:19:26.859,33492,1252,1301
11:19:27.367,33492,1252,1301
11:19:27.883,33492,1283,1335
11:19:28.398,33492,1283,1335
11:19:28.910,33492,1283,1336
11:19:29.426,33492,1283,1336
11:19:29.941,33492,1283,1336
11:19:30.456,33492,1283,1336
11:19:30.987,33492,1283,1336
11:19:31.506,33492,1283,1336
11:19:32.027,33492,1283,1336
11:19:32.543,33492,1285,1336
11:19:33.062,33492,1285,1336
11:19:33.578,33492,1285,1336
11:19:34.094,33492,1284,1335
11:19:34.607,33492,1284,1335
11:19:35.124,33492,1284,1335
11:19:35.645,33492,1284,1335
11:19:36.161,33492,1284,1335
11:19:36.671,33492,1284,1335
11:19:37.189,33492,1284,1335
11:19:37.709,33492,1284,1335
11:19:38.224,33492,1284,1335
11:19:38.745,33492,1284,1335
11:19:39.263,33492,1284,1335
11:19:39.785,33492,1284,1335
11:19:40.295,33492,1284,1335
11:19:40.812,33492,1284,1335
11:19:41.327,33492,1284,1335
11:19:41.846,33492,1284,1335
11:19:42.365,33492,1284,1335
11:19:42.885,33492,1284,1335
11:19:43.406,33492,1284,1335
11:19:43.924,33492,1284,1335
11:19:44.438,33492,1284,1335
11:19:44.949,33492,1284,1335
11:19:45.461,33492,1284,1335
11:19:45.973,33492,1284,1335
11:19:46.489,33492,1284,1335
11:19:47.001,33492,1284,1335
11:19:47.515,33492,1284,1335
11:19:48.029,33492,1284,1335
11:19:48.543,33492,1284,1335
11:19:49.056,33492,1284,1335
11:19:49.571,33492,1284,1335
11:19:50.086,33492,1284,1335
11:19:50.597,33492,1284,1335
11:19:51.109,33492,1284,1335
11:19:51.624,33492,1284,1335
11:19:52.142,33492,1284,1335
11:19:52.675,33492,1284,1335
11:19:53.187,33492,1284,1335
11:19:53.703,33492,1284,1335
11:19:54.217,33492,1284,1335
11:19:54.733,33492,1284,1335
11:19:55.252,33492,1284,1335
11:19:55.766,33492,1284,1335
11:19:56.281,33492,1284,1335
11:19:56.796,33492,1284,1335
11:19:57.309,33492,1284,1335
11:19:57.824,33492,1284,1335
11:19:58.337,33492,1284,1335
11:19:58.856,33492,1284,1335
11:19:59.370,33492,1284,1335
11:19:59.885,33492,1284,1335
11:20:00.398,33492,1284,1335
11:20:00.913,33492,1284,1335
11:20:01.431,33492,1284,1335
11:20:01.946,33492,1284,1335
11:20:02.461,33492,1284,1335
11:20:02.976,33492,1284,1335
11:20:03.508,33492,1284,1335
11:20:04.021,33492,1284,1335
11:20:04.529,33492,1284,1335
11:20:05.044,33492,1284,1335
11:20:05.555,33492,1284,1335
11:20:06.071,33492,1284,1335
11:20:06.586,33492,1284,1335
11:20:07.102,33492,1284,1335
11:20:07.620,33492,1284,1335
11:20:08.140,33492,1284,1335
11:20:08.658,33492,1284,1335
11:20:09.164,33492,1284,1335
11:20:09.678,33492,1284,1336
11:20:10.193,33492,1285,1336
11:20:10.709,33492,1285,1336
11:20:11.227,33492,1284,1336
11:20:11.735,33492,1284,1336
11:20:12.252,33492,1284,1336
11:20:12.771,33492,1284,1336
11:20:13.288,33492,1284,1336
11:20:13.806,33492,1284,1336
11:20:14.324,33492,1284,1336
11:20:14.843,33492,1284,1336
11:20:15.361,33492,1284,1336
11:20:15.866,33492,1284,1336
11:20:16.385,33492,1284,1336
11:20:16.904,33492,1284,1336
11:20:17.422,33492,1284,1336
