time,session,app,mem_current,mem_5min,mem_all,cpu_current,duration_current
11:50:12,47,WebClient,53522592,-19969776,210954399,203,241094
11:50:13,47,WebClient,53522592,-19969776,210954399,203,242016
11:50:13,47,WebClient,53522592,-19969776,210954399,203,242531
11:50:14,47,WebClient,53522592,-19969776,210954399,203,243047
11:50:14,47,WebClient,53522592,-19969776,210954399,203,243547
11:50:15,47,WebClient,53522592,-19969776,210954399,203,244063
11:50:15,47,WebClient,53522592,-19969776,210954399,203,244563
11:50:16,47,WebClient,53522592,-19969776,210954399,203,245078
11:50:16,47,WebClient,53522592,-19969776,210954399,203,245594
11:50:17,47,WebClient,53522592,-19969776,210954399,203,246094
11:50:17,47,WebClient,53522592,-19969776,210954399,203,246610
11:50:18,47,WebClient,53522592,-19969776,210954399,203,247125
11:50:18,47,WebClient,53522592,-19969776,210954399,203,247625
11:50:19,47,WebClient,53522592,-19969776,210954399,203,248141
11:50:19,47,WebClient,53522592,-19969776,210954399,203,248656
11:50:20,47,WebClient,53522592,-19969776,210954399,203,249172
11:50:20,47,WebClient,53522592,-19969776,210954399,203,249672
11:50:21,47,WebClient,53522592,-19969776,210954399,203,250188
11:50:21,47,WebClient,53522592,-19969776,210954399,203,250688
11:50:22,47,WebClient,53522592,-19969776,210954399,203,251203
11:50:22,47,WebClient,53522592,-19969776,210954399,203,251719
11:50:23,47,WebClient,53522592,-19969776,210954399,203,252219
11:50:23,47,WebClient,53522592,-19969776,210954399,203,252735
11:50:24,47,WebClient,53522592,-19969776,210954399,203,253250
11:50:24,47,WebClient,53522592,-19969776,210954399,203,253750
11:50:25,47,WebClient,53522592,-19969776,210954399,203,254266
11:50:25,47,WebClient,53522592,-19969776,210954399,203,254766
11:50:26,47,WebClient,53522592,-19969776,210954399,203,255281
11:50:26,47,WebClient,53522592,-19969776,210954399,203,255797
11:50:27,47,WebClient,53522592,-19969776,210954399,203,256297
11:50:27,47,WebClient,53522592,-19969776,210954399,203,256813
11:50:28,47,WebClient,53522592,-19969776,210954399,203,257313
11:50:28,47,WebClient,53522592,-19969776,210954399,203,257828
11:50:29,47,WebClient,53522592,-19969776,210954399,203,258344
11:50:29,47,WebClient,53522592,-19969776,210954399,203,258860
11:50:30,47,WebClient,53522592,-19969776,210954399,203,259360
11:50:30,47,WebClient,53522592,-19969776,210954399,203,259875
11:50:31,47,WebClient,53522592,-19969776,210954399,203,260391
11:50:31,47,WebClient,53522592,-19969776,210954399,203,260891
11:50:32,47,WebClient,53522592,-19969776,210954399,203,261406
11:50:33,47,WebClient,53522592,-19969776,210954399,203,261922
11:50:33,47,WebClient,53522592,-19969776,210954399,203,262422
11:50:34,47,WebClient,53522592,-19969776,210954399,203,262938
11:50:34,47,WebClient,53522592,-19969776,210954399,203,263438
11:50:35,47,WebClient,53522592,-19969776,210954399,203,263953
11:50:35,47,WebClient,53522592,-19969776,210954399,203,264469
11:50:36,47,WebClient,53522592,-19969776,210954399,203,264969
11:50:36,47,WebClient,53522592,-19969776,210954399,203,265485
11:50:37,47,WebClient,53522592,-19969776,210954399,203,266000
11:50:37,47,WebClient,53522592,-19969776,210954399,203,266500
11:50:38,47,WebClient,53522592,-19969776,210954399,203,267016
11:50:38,47,WebClient,53522592,-19969776,210954399,203,267531
11:50:39,47,WebClient,53522592,-19969776,210954399,203,268031
11:50:39,47,WebClient,53522592,-19969776,210954399,203,268547
11:50:40,47,WebClient,53522592,-19969776,210954399,203,269063
11:50:40,47,WebClient,53522592,-19969776,210954399,203,269563
11:50:41,47,WebClient,53522592,-19969776,210954399,203,270078
11:50:41,47,WebClient,53522592,-19969776,210954399,203,270578
11:50:42,47,WebClient,53522592,-19969776,210954399,203,271094
11:50:42,47,WebClient,53522592,-19969776,210954399,203,271610
11:50:43,47,WebClient,53522592,-19969776,210954399,203,272110
11:50:43,47,WebClient,53522592,-19969776,210954399,203,272625
11:50:44,47,WebClient,53522592,-19969776,210954399,203,273141
11:50:44,47,WebClient,53522592,-19969776,210954399,203,273641
11:50:45,47,WebClient,53522592,-19969776,210954399,203,274156
11:50:45,47,WebClient,53522592,-19969776,210954399,203,274672
11:50:46,47,WebClient,53522592,-19969776,210954399,203,275172
11:50:46,47,WebClient,53522592,-19969776,210954399,203,275688
11:50:47,47,WebClient,53522592,-19969776,210954399,203,276203
11:50:47,47,WebClient,53522592,-19969776,210954399,203,276703
11:50:48,47,WebClient,53522592,-19969776,210954399,203,277219
11:50:48,47,WebClient,53522592,-19969776,210954399,203,277735
11:50:49,47,WebClient,53522592,-19969776,210954399,203,278250
11:50:49,47,WebClient,53522592,-19969776,210954399,203,278750
11:50:50,47,WebClient,53522592,-19969776,210954399,203,279266
11:50:50,47,WebClient,53522592,-19969776,210954399,203,279781
11:50:51,47,WebClient,53522592,-19969776,210954399,203,280297
11:50:51,47,WebClient,53522592,-19969776,210954399,203,280813
11:50:52,47,WebClient,53522592,-19969776,210954399,203,281313
11:50:52,47,WebClient,53522592,-19969776,210954399,203,281828
11:50:53,47,WebClient,53522592,-19969776,210954399,203,282344
11:50:53,47,WebClient,53522592,-19969776,210954399,203,282844
11:50:54,47,WebClient,53522592,-19969776,210954399,203,283360
11:50:54,47,WebClient,53522592,-19969776,210954399,203,283875
11:50:55,47,WebClient,53522592,-19969776,210954399,203,284375
11:50:55,47,WebClient,53522592,-19969776,210954399,203,284891
11:50:56,47,WebClient,53522592,-19969776,210954399,203,285406
11:50:57,47,WebClient,53522592,-19969776,210954399,203,285906
11:50:57,47,WebClient,53522592,-19969776,210954399,203,286422
11:50:58,47,WebClient,53522592,-19969776,210954399,203,286938
11:50:58,47,WebClient,53522592,-19969776,210954399,203,287453
11:50:59,47,WebClient,53522592,-19969776,210954399,203,287953
11:50:59,47,WebClient,53522592,-19969776,210954399,203,288469
11:51:00,47,WebClient,53522592,-19969776,210954399,203,288985
11:51:00,47,WebClient,53522592,-19969776,210954399,203,289485
11:51:01,47,WebClient,53522592,-19969776,210954399,203,290000
11:51:01,47,WebClient,53522592,-19969776,210954399,203,290516
11:51:02,47,WebClient,53522592,-19969776,210954399,203,291016
11:51:02,47,WebClient,53522592,-19969776,210954399,203,291531
11:51:03,47,WebClient,53522592,-19969776,210954399,203,292047
11:51:03,47,WebClient,53522592,-19969776,210954399,203,292547
11:51:04,47,WebClient,53522592,-19969776,210954399,203,293063
11:51:04,47,WebClient,53522592,-19969776,210954399,203,293578
11:51:05,47,WebClient,53522592,-19969776,210954399,203,294094
11:51:05,47,WebClient,53522592,-19969776,210954399,203,294594
11:51:06,47,WebClient,53522592,-19969776,210954399,203,295110
11:51:06,47,WebClient,53522592,-19969776,210954399,203,295625
11:51:07,47,WebClient,53522592,-19969776,210954399,203,296125
11:51:07,47,WebClient,53522592,-19969776,210954399,203,296641
11:51:08,47,WebClient,53522592,-19969776,210954399,203,297156
11:51:08,47,WebClient,53522592,-19969776,210954399,203,297672
11:51:09,47,WebClient,53522592,-19969776,210954399,203,298172
11:51:09,47,WebClient,53522592,-19969776,210954399,203,298688
11:51:10,47,WebClient,53522592,-19969776,210954399,203,299219
11:51:10,47,WebClient,53522592,-19969776,210954399,203,299719
11:51:11,47,WebClient,53522592,-19969776,210954399,203,300235
11:51:11,47,WebClient,53522592,0,210954399,203,300750
11:51:12,47,WebClient,53522592,0,210954399,203,301250
11:51:12,47,WebClient,53522592,0,210954399,203,301766
11:51:13,47,WebClient,53522592,0,210954399,203,302281
11:51:13,47,WebClient,53522592,0,210954399,203,302781
11:51:14,47,WebClient,53522592,0,210954399,203,303297
11:51:14,47,WebClient,53522592,0,210954399,203,303813
11:51:15,47,WebClient,53522592,0,210954399,203,304313
11:51:15,47,WebClient,53522592,0,210954399,203,304828
11:51:16,47,WebClient,53522592,0,210954399,203,305344
11:51:16,47,WebClient,53522592,0,210954399,203,305860
11:51:17,47,WebClient,53522592,0,210954399,203,306360
11:51:17,47,WebClient,53522592,0,210954399,203,306875
11:51:18,47,WebClient,53522592,0,210954399,203,307391
11:51:19,47,WebClient,53522592,0,210954399,203,307906
11:51:19,47,WebClient,53522592,0,210954399,203,308406
11:51:20,47,WebClient,53522592,0,210954399,203,308922
11:51:20,47,WebClient,53522592,0,210954399,203,309438
11:51:21,47,WebClient,53522592,0,210954399,203,309953
11:51:21,47,WebClient,53522592,0,210954399,203,310453
11:51:22,47,WebClient,53522592,0,210954399,203,310969
11:51:22,47,WebClient,53522592,0,210954399,203,311485
11:51:23,47,WebClient,53522592,0,210954399,203,311985
11:51:23,47,WebClient,53522592,0,210954399,203,312500
11:51:24,47,WebClient,53522592,0,210954399,203,313016
11:51:24,47,WebClient,53522592,0,210954399,203,313531
11:51:25,47,WebClient,53522592,0,210954399,203,314031
11:51:25,47,WebClient,53522592,0,210954399,203,314547
11:51:26,47,WebClient,53522592,0,210954399,203,315063
11:51:26,47,WebClient,53522592,0,210954399,203,315578
11:51:27,47,WebClient,53522592,0,210954399,203,316078
11:51:27,47,WebClient,53522592,0,210954399,203,316594
11:51:28,47,WebClient,53522592,0,210954399,203,317110
11:51:28,47,WebClient,53522592,0,210954399,203,317610
11:51:29,47,WebClient,53522592,0,210954399,203,318125
11:51:29,47,WebClient,53522592,0,210954399,203,318641
11:51:30,47,WebClient,53522592,0,210954399,203,319156
11:51:30,47,WebClient,53522592,0,210954399,203,319656
11:51:31,47,WebClient,53522592,0,210954399,203,320172
11:51:31,47,WebClient,53522592,0,210954399,203,320688
11:51:32,47,WebClient,53522592,0,210954399,203,321188
11:51:32,47,WebClient,53522592,0,210954399,203,321703
11:51:33,47,WebClient,53522592,0,210954399,203,322219
11:51:33,47,WebClient,53522592,0,210954399,203,322735
11:51:34,47,WebClient,53522592,0,210954399,203,323235
11:51:34,47,WebClient,53522592,0,210954399,203,323750
11:51:35,47,WebClient,53522592,0,210954399,203,324266
11:51:35,47,WebClient,53522592,0,210954399,203,324766
11:51:36,47,WebClient,53522592,0,210954399,203,325281
11:51:36,47,WebClient,53522592,0,210954399,203,325797
11:51:37,47,WebClient,53522592,0,210954399,203,326313
11:51:37,47,WebClient,53522592,0,210954399,203,326813
11:51:38,47,WebClient,53522592,0,210954399,203,327328
11:51:38,47,WebClient,53522592,0,210954399,203,327844
11:51:39,47,WebClient,53522592,0,210954399,203,328360
11:51:39,47,WebClient,53522592,0,210954399,203,328875
11:51:40,47,WebClient,53522592,0,210954399,203,329391
11:51:41,47,WebClient,53522592,0,210954399,203,329906
11:51:41,47,WebClient,53522592,0,210954399,203,330422
11:51:42,47,WebClient,53522592,0,210954399,203,330922
11:51:42,47,WebClient,53522592,0,210954399,203,331438
11:51:43,47,WebClient,53522592,0,210954399,203,331953
11:51:43,47,WebClient,53522592,0,210954399,203,332453
11:51:44,47,WebClient,53522592,0,210954399,203,332969
11:51:44,47,WebClient,53522592,0,210954399,203,333485
11:51:45,47,WebClient,53522592,0,210954399,203,334000
11:51:45,47,WebClient,53522592,0,210954399,203,334500
11:51:46,47,WebClient,53522592,0,210954399,203,335016
11:51:46,47,WebClient,53522592,0,210954399,203,335531
11:51:47,47,WebClient,53522592,0,210954399,203,336031
11:51:47,47,WebClient,53522592,0,210954399,203,336547
11:51:48,47,WebClient,53522592,0,210954399,203,337078
11:51:48,47,WebClient,53522592,0,210954399,203,337610
11:51:49,47,WebClient,53522592,0,210954399,203,338141
11:51:49,47,WebClient,53522592,0,210954399,203,338656
11:51:50,47,WebClient,53522592,0,210954399,203,339188
11:51:50,47,WebClient,53522592,0,210954399,203,339703
11:51:51,47,WebClient,53522592,0,210954399,203,340235
11:51:51,47,WebClient,53522592,0,210954399,203,340750
11:51:52,47,WebClient,53522592,0,210954399,203,341266
11:51:52,47,WebClient,53522592,0,210954399,203,341797
11:51:53,47,WebClient,53522592,0,210954399,203,342313
11:51:53,47,WebClient,53522592,0,210954399,203,342844
11:51:54,47,WebClient,53522592,0,210954399,203,343360
11:51:54,47,WebClient,53522592,0,210954399,203,343875
11:51:55,47,WebClient,53522592,0,210954399,203,344391
11:51:55,47,WebClient,53522592,0,210954399,203,344891
11:51:56,47,WebClient,53522592,0,210954399,203,345406
11:51:57,47,WebClient,53522592,0,210954399,203,345922
11:51:57,47,WebClient,53522592,0,210954399,203,346422
11:51:58,47,WebClient,53522592,0,210954399,203,346938
11:51:58,47,WebClient,53522592,0,210954399,203,347453
11:51:59,47,WebClient,53522592,0,210954399,203,347953
11:51:59,47,WebClient,53522592,0,210954399,203,348469
11:52:00,47,WebClient,53522592,0,210954399,203,348985
11:52:00,47,WebClient,53522592,0,210954399,203,349485
11:52:01,47,WebClient,53522592,0,210954399,203,350000
11:52:01,47,WebClient,66331624,0,210954399,234,350516
11:52:02,47,WebClient,112642296,0,210954399,359,351016
11:52:02,47,WebClient,112642296,0,210954399,359,351531
11:52:03,47,WebClient,112642296,0,210954399,359,352047
11:52:03,47,WebClient,112642296,0,210954399,359,352547
11:52:04,47,WebClient,112642296,0,210954399,359,353063
11:52:04,47,WebClient,112642296,0,210954399,359,353578
11:52:05,47,WebClient,112642296,0,210954399,359,354094
11:52:05,47,WebClient,112642296,0,210954399,359,354594
11:52:06,47,WebClient,112642296,0,210954399,359,355110
11:52:06,47,WebClient,112642296,0,210954399,359,355610
11:52:07,47,WebClient,112642296,0,210954399,359,356125
11:52:07,47,WebClient,112642296,0,210954399,359,356641
11:52:08,47,WebClient,112642296,0,210954399,359,357156
11:52:08,47,WebClient,112642296,0,210954399,359,357656
11:52:09,47,WebClient,112642296,0,210954399,359,358172
11:52:09,47,WebClient,112642296,0,210954399,359,358688
11:52:10,47,WebClient,112642296,0,210954399,359,359203
11:52:10,47,WebClient,112642296,0,210954399,359,359719
11:52:11,47,WebClient,112642296,0,210954399,359,360219
11:52:11,47,WebClient,112642296,0,210954399,359,360735
11:52:12,47,WebClient,112642296,0,210954399,359,361250
11:52:12,47,WebClient,112642296,0,210954399,359,361750
11:52:13,47,WebClient,112642296,0,210954399,359,362266
11:52:13,47,WebClient,112642296,0,210954399,359,362781
11:52:14,47,WebClient,112642296,0,210954399,359,363281
11:52:14,47,WebClient,112642296,0,210954399,359,363797
11:52:15,47,WebClient,112642296,0,210954399,359,364313
11:52:15,47,WebClient,112642296,0,210954399,359,364813
11:52:16,47,WebClient,112642296,0,210954399,359,365328
11:52:16,47,WebClient,112642296,0,210954399,359,365844
11:52:17,47,WebClient,112642296,0,210954399,359,366344
11:52:17,47,WebClient,112642296,0,210954399,359,366860
11:52:18,47,WebClient,112642296,0,210954399,359,367375
11:52:18,47,WebClient,112642296,0,210954399,359,367875
11:52:19,47,WebClient,112642296,0,210954399,359,368391
11:52:19,47,WebClient,112642296,0,210954399,359,368891
11:52:20,47,WebClient,112642296,0,210954399,359,369406
11:52:21,47,WebClient,112642296,0,210954399,359,369922
11:52:21,47,WebClient,112642296,0,210954399,359,370422
11:52:22,47,WebClient,112642296,0,210954399,359,370938
11:52:22,47,WebClient,112642296,0,210954399,359,371453
11:52:23,47,WebClient,112642296,0,210954399,359,371953
11:52:23,47,WebClient,112642296,0,210954399,359,372469
11:52:24,47,WebClient,112642296,0,210954399,359,372985
11:52:24,47,WebClient,112642296,0,210954399,359,373485
11:52:25,47,WebClient,112642296,0,210954399,359,374000
11:52:25,47,WebClient,112642296,0,210954399,359,374500
11:52:26,47,WebClient,112642296,0,210954399,359,375016
11:52:26,47,WebClient,112642296,0,210954399,359,375531
11:52:27,47,WebClient,112642296,0,210954399,359,376031
11:52:27,47,WebClient,112642296,0,210954399,359,376547
11:52:28,47,WebClient,112642296,0,210954399,359,377047
11:52:28,47,WebClient,112642296,0,210954399,359,377563
11:52:29,47,WebClient,112642296,0,210954399,359,378078
11:52:29,47,WebClient,112642296,0,210954399,359,378578
11:52:30,47,WebClient,112642296,0,210954399,359,379094
11:52:30,47,WebClient,112642296,0,210954399,359,379594
11:52:31,47,WebClient,112642296,0,210954399,359,380110
11:52:31,47,WebClient,112642296,0,210954399,359,380625
11:52:32,47,WebClient,112642296,0,210954399,359,381125
11:52:32,47,WebClient,112642296,0,210954399,359,381641
11:52:33,47,WebClient,112642296,0,210954399,359,382141
11:52:33,47,WebClient,112642296,0,210954399,359,382656
11:52:34,47,WebClient,112642296,0,210954399,359,383172
11:52:34,47,WebClient,112642296,0,210954399,359,383672
11:52:35,47,WebClient,112642296,0,210954399,359,384188
11:52:35,47,WebClient,112642296,0,210954399,359,384688
11:52:36,47,WebClient,112642296,0,210954399,359,385203
11:52:36,47,WebClient,112642296,0,210954399,359,385719
11:52:37,47,WebClient,112642296,0,210954399,359,386219
11:52:37,47,WebClient,112642296,0,210954399,359,386735
11:52:38,47,WebClient,112642296,0,210954399,359,387250
11:52:38,47,WebClient,112642296,0,210954399,359,387750
11:52:39,47,WebClient,112642296,0,210954399,359,388266
11:52:39,47,WebClient,112642296,0,210954399,359,388766
11:52:40,47,WebClient,112642296,0,210954399,359,389281
11:52:40,47,WebClient,112642296,0,210954399,359,389797
11:52:41,47,WebClient,112642296,0,210954399,359,390297
11:52:41,47,WebClient,112642296,0,210954399,359,390813
11:52:42,47,WebClient,112642296,0,210954399,359,391328
11:52:42,47,WebClient,112642296,0,210954399,359,391828
11:52:43,47,WebClient,112642296,0,210954399,359,392344
11:52:43,47,WebClient,112642296,0,210954399,359,392860
11:52:44,47,WebClient,112642296,0,210954399,359,393360
11:52:44,47,WebClient,112642296,0,210954399,359,393875
11:52:45,47,WebClient,112642296,0,210954399,359,394391
11:52:46,47,WebClient,112642296,0,210954399,359,394891
11:52:46,47,WebClient,112642296,0,210954399,359,395406
11:52:47,47,WebClient,112642296,0,210954399,359,395922
11:52:47,47,WebClient,112642296,0,210954399,359,396422
11:52:48,47,WebClient,112642296,0,210954399,359,396938
11:52:48,47,WebClient,112642296,0,210954399,359,397453
11:52:49,47,WebClient,112642296,0,210954399,359,397953
11:52:49,47,WebClient,112642296,0,210954399,359,398469
11:52:50,47,WebClient,112642296,0,210954399,359,398985
11:52:50,47,WebClient,112642296,0,210954399,359,399485
11:52:51,47,WebClient,112642296,0,210954399,359,400000
11:52:51,47,WebClient,112642296,0,210954399,359,400516
11:52:52,47,WebClient,112642296,0,210954399,359,401016
11:52:52,47,WebClient,112642296,0,210954399,359,401531
11:52:53,47,WebClient,112642296,0,210954399,359,402047
11:52:53,47,WebClient,112642296,0,210954399,359,402547
11:52:54,47,WebClient,112642296,0,210954399,359,403063
11:52:54,47,WebClient,112642296,0,210954399,359,403578
11:52:55,47,WebClient,112642296,0,210954399,359,404078
11:52:55,47,WebClient,112642296,0,210954399,359,404594
11:52:56,47,WebClient,112642296,0,210954399,359,405094
11:52:56,47,WebClient,112642296,0,210954399,359,405610
11:52:57,47,WebClient,112642296,0,210954399,359,406125
11:52:57,47,WebClient,112642296,0,210954399,359,406641
11:52:58,47,WebClient,112642296,0,210954399,359,407156
11:52:58,47,WebClient,112642296,0,210954399,359,407672
11:52:59,47,WebClient,112642296,0,210954399,359,408188
11:52:59,47,WebClient,112642296,0,210954399,359,408688
11:53:00,47,WebClient,112642296,0,210954399,359,409203
11:53:00,47,WebClient,112642296,0,210954399,359,409719
11:53:01,47,WebClient,112642296,0,210954399,359,410219
11:53:01,47,WebClient,112642296,0,210954399,359,410735
11:53:02,47,WebClient,112642296,0,210954399,359,411250
11:53:02,47,WebClient,112642296,0,210954399,359,411766
11:53:03,47,WebClient,112642296,0,210954399,359,412266
11:53:03,47,WebClient,112642296,0,210954399,359,412781
11:53:04,47,WebClient,112642296,0,210954399,359,413297
11:53:04,47,WebClient,112642296,0,210954399,359,413813
11:53:05,47,WebClient,112642296,0,210954399,359,414328
11:53:05,47,WebClient,112642296,0,210954399,359,414844
11:53:06,47,WebClient,112642296,0,210954399,359,415344
11:53:06,47,WebClient,112642296,0,210954399,359,415860
11:53:07,47,WebClient,112642296,0,210954399,359,416375
11:53:07,47,WebClient,112642296,0,210954399,359,416891
11:53:08,47,WebClient,112642296,0,210954399,359,417391
11:53:09,47,WebClient,112642296,0,210954399,359,417922
11:53:09,47,WebClient,112642296,0,210954399,359,418453
11:53:10,47,WebClient,112642296,0,210954399,359,418953
11:53:10,47,WebClient,112642296,0,210954399,359,419485
11:53:11,47,WebClient,112642296,0,210954399,359,419985
11:53:11,47,WebClient,112642296,0,210954399,359,420500
11:53:12,47,WebClient,112642296,0,210954399,359,421016
11:53:12,47,WebClient,112642296,0,210954399,359,421516
11:53:13,47,WebClient,134132752,0,210954399,406,422031
11:53:13,47,WebClient,134346544,0,210954399,406,422531
11:53:14,47,WebClient,134346544,0,210954399,406,423047
11:53:14,47,WebClient,134346544,0,210954399,406,423563
11:53:15,47,WebClient,134346544,0,210954399,406,424063
11:53:15,47,WebClient,134346544,0,210954399,406,424578
11:53:16,47,WebClient,134346544,0,210954399,406,425094
11:53:16,47,WebClient,134346544,0,210954399,406,425610
11:53:17,47,WebClient,134346544,0,210954399,406,426125
11:53:17,47,WebClient,134346544,0,210954399,406,426625
11:53:18,47,WebClient,134346544,0,210954399,406,427141
11:53:18,47,WebClient,134346544,0,210954399,406,427656
11:53:19,47,WebClient,134346544,0,210954399,406,428156
11:53:19,47,WebClient,134346544,0,210954399,406,428672
11:53:20,47,WebClient,134346544,0,210954399,406,429188
11:53:20,47,WebClient,134346544,0,210954399,406,429703
11:53:21,47,WebClient,134346544,0,210954399,406,430219
11:53:21,47,WebClient,134346544,0,210954399,406,430719
11:53:22,47,WebClient,134346544,0,210954399,406,431235
11:53:22,47,WebClient,134346544,0,210954399,406,431750
11:53:23,47,WebClient,134346544,0,210954399,406,432250
11:53:23,47,WebClient,134346544,0,210954399,406,432766
11:53:24,47,WebClient,134346544,0,210954399,406,433281
11:53:24,47,WebClient,134346544,0,210954399,406,433781
11:53:25,47,WebClient,134346544,0,210954399,406,434297
11:53:25,47,WebClient,134346544,0,210954399,406,434813
11:53:26,47,WebClient,134346544,0,210954399,406,435328
11:53:26,47,WebClient,134346544,0,210954399,406,435828
11:53:27,47,WebClient,134346544,0,210954399,406,436344
11:53:27,47,WebClient,134346544,0,210954399,406,436860
11:53:28,47,WebClient,134346544,0,210954399,406,437375
11:53:28,47,WebClient,134346544,0,210954399,406,437875
11:53:29,47,WebClient,134346544,0,210954399,406,438391
11:53:30,47,WebClient,134346544,0,210954399,406,438906
11:53:30,47,WebClient,134346544,0,210954399,406,439406
11:53:31,47,WebClient,134346544,0,210954399,406,439922
11:53:31,47,WebClient,134346544,0,210954399,406,440438
11:53:32,47,WebClient,134346544,0,210954399,406,440953
11:53:32,47,WebClient,134346544,0,210954399,406,441453
11:53:33,47,WebClient,134346544,0,210954399,406,441969
11:53:33,47,WebClient,134346544,0,210954399,406,442485
11:53:34,47,WebClient,134346544,0,210954399,406,442985
11:53:34,47,WebClient,134346544,0,210954399,406,443500
11:53:35,47,WebClient,134346544,0,210954399,406,444016
11:53:35,47,WebClient,134346544,0,210954399,406,444531
11:53:36,47,WebClient,134346544,0,210954399,406,445031
11:53:36,47,WebClient,134346544,0,210954399,406,445547
11:53:37,47,WebClient,134346544,0,210954399,406,446063
11:53:37,47,WebClient,134346544,0,210954399,406,446563
11:53:38,47,WebClient,134346544,0,210954399,406,447078
11:53:38,47,WebClient,134346544,0,210954399,406,447594
11:53:39,47,WebClient,134346544,0,210954399,406,448110
11:53:39,47,WebClient,134346544,0,210954399,406,448610
11:53:40,47,WebClient,134346544,0,210954399,406,449125
11:53:40,47,WebClient,134346544,0,210954399,406,449641
11:53:41,47,WebClient,134346544,0,210954399,406,450156
11:53:41,47,WebClient,134346544,0,210954399,406,450656
11:53:42,47,WebClient,134346544,0,210954399,406,451172
11:53:42,47,WebClient,134346544,0,210954399,406,451688
11:53:43,47,WebClient,134346544,0,210954399,406,452203
11:53:43,47,WebClient,134346544,0,210954399,406,452703
11:53:44,47,WebClient,134346544,0,210954399,406,453219
11:53:44,47,WebClient,134346544,0,210954399,406,453735
11:53:45,47,WebClient,134346544,0,210954399,406,454250
11:53:45,47,WebClient,134346544,0,210954399,406,454750
11:53:46,47,WebClient,134346544,0,210954399,406,455266
11:53:46,47,WebClient,134346544,0,210954399,406,455781
11:53:47,47,WebClient,134346544,0,210954399,406,456281
11:53:47,47,WebClient,134346544,0,210954399,406,456797
11:53:48,47,WebClient,134346544,0,210954399,406,457297
11:53:48,47,WebClient,134346544,0,210954399,406,457813
11:53:49,47,WebClient,134346544,0,210954399,406,458328
11:53:49,47,WebClient,134346544,0,210954399,406,458828
11:53:50,47,WebClient,134346544,0,210954399,406,459344
11:53:50,47,WebClient,134346544,0,210954399,406,459844
11:53:51,47,WebClient,134346544,0,210954399,406,460360
11:53:51,47,WebClient,134346544,0,210954399,406,460875
11:53:52,47,WebClient,134346544,0,210954399,406,461375
11:53:52,47,WebClient,134346544,0,210954399,406,461891
11:53:53,47,WebClient,134346544,0,210954399,406,462406
11:53:54,47,WebClient,134346544,0,210954399,406,462906
11:53:54,47,WebClient,134346544,0,210954399,406,463422
11:53:55,47,WebClient,134346544,0,210954399,406,463922
11:53:55,47,WebClient,134346544,0,210954399,406,464438
11:53:56,47,WebClient,134346544,0,210954399,406,464953
11:53:56,47,WebClient,134346544,0,210954399,406,465453
11:53:57,47,WebClient,134346544,0,210954399,406,465969
11:53:57,47,WebClient,134346544,0,210954399,406,466485
11:53:58,47,WebClient,134346544,0,210954399,406,467000
11:53:58,47,WebClient,134346544,0,210954399,406,467500
11:53:59,47,WebClient,134346544,0,210954399,406,468016
11:53:59,47,WebClient,134346544,0,210954399,406,468531
11:54:00,47,WebClient,134346544,0,210954399,406,469031
11:54:00,47,WebClient,134346544,0,210954399,406,469547
11:54:01,47,WebClient,134346544,0,210954399,406,470063
11:54:01,47,WebClient,134346544,0,210954399,406,470578
11:54:02,47,WebClient,134346544,0,210954399,406,471094
11:54:02,47,WebClient,134346544,0,210954399,406,471610
11:54:03,47,WebClient,134346544,0,210954399,406,472110
11:54:03,47,WebClient,134346544,0,210954399,406,472625
11:54:04,47,WebClient,134346544,0,210954399,406,473141
11:54:04,47,WebClient,134346544,0,210954399,406,473641
11:54:05,47,WebClient,134346544,0,210954399,406,474156
11:54:05,47,WebClient,134346544,0,210954399,406,474672
11:54:06,47,WebClient,134346544,0,210954399,406,475172
11:54:06,47,WebClient,134346544,0,210954399,406,475688
11:54:07,47,WebClient,134346544,0,210954399,406,476203
11:54:07,47,WebClient,134346544,0,210954399,406,476703
11:54:08,47,WebClient,134346544,0,210954399,406,477219
11:54:08,47,WebClient,134346544,0,210954399,406,477735
11:54:09,47,WebClient,134346544,0,210954399,406,478235
11:54:09,47,WebClient,134346544,0,210954399,406,478750
11:54:10,47,WebClient,134346544,0,210954399,406,479266
11:54:10,47,WebClient,134346544,0,210954399,406,479766
11:54:11,47,WebClient,134346544,0,210954399,406,480281
11:54:11,47,WebClient,134346544,0,210954399,406,480797
11:54:12,47,WebClient,134346544,0,210954399,406,481297
11:54:12,47,WebClient,134346544,0,210954399,406,481813
11:54:13,47,WebClient,134346544,0,210954399,406,482328
11:54:13,47,WebClient,134346544,0,210954399,406,482828
11:54:14,47,WebClient,134346544,0,210954399,406,483344
11:54:14,47,WebClient,134346544,0,210954399,406,483860
11:54:15,47,WebClient,134346544,0,210954399,406,484360
11:54:15,47,WebClient,134346544,0,210954399,406,484875
11:54:16,47,WebClient,134346544,0,210954399,406,485391
11:54:16,47,WebClient,134346544,0,210954399,406,485906
11:54:17,47,WebClient,134346544,0,210954399,406,486406
11:54:18,47,WebClient,134346544,0,210954399,406,486922
11:54:18,47,WebClient,134346544,0,210954399,406,487438
11:54:19,47,WebClient,134346544,0,210954399,406,487938
11:54:19,47,WebClient,134346544,0,210954399,406,488453
11:54:20,47,WebClient,134346544,0,210954399,406,488953
11:54:20,47,WebClient,134346544,0,210954399,406,489469
11:54:21,47,WebClient,134346544,0,210954399,406,489985
11:54:21,47,WebClient,134346544,0,210954399,406,490485
11:54:22,47,WebClient,134346544,0,210954399,406,491000
11:54:22,47,WebClient,134346544,0,210954399,406,491516
11:54:23,47,WebClient,134346544,0,210954399,406,492016
11:54:23,47,WebClient,134346544,0,210954399,406,492531
11:54:24,47,WebClient,134346544,0,210954399,406,493047
11:54:24,47,WebClient,134346544,0,210954399,406,493547
11:54:25,47,WebClient,134346544,0,210954399,406,494063
11:54:25,47,WebClient,134346544,0,210954399,406,494578
11:54:26,47,WebClient,134346544,0,210954399,406,495078
11:54:26,47,WebClient,134346544,0,210954399,406,495594
11:54:27,47,WebClient,134346544,0,210954399,406,496110
11:54:27,47,WebClient,134346544,0,210954399,406,496610
11:54:28,47,WebClient,134346544,0,210954399,406,497125
11:54:28,47,WebClient,134346544,0,210954399,406,497641
11:54:29,47,WebClient,134346544,0,210954399,406,498141
11:54:29,47,WebClient,134346544,0,210954399,406,498656
11:54:30,47,WebClient,134346544,0,210954399,406,499172
11:54:30,47,WebClient,134346544,0,210954399,406,499672
11:54:31,47,WebClient,134346544,0,210954399,406,500188
11:54:31,47,WebClient,134346544,0,210954399,406,500703
11:54:32,47,WebClient,134346544,0,210954399,406,501203
11:54:32,47,WebClient,134346544,0,210954399,406,501719
11:54:33,47,WebClient,134346544,0,210954399,406,502235
11:54:33,47,WebClient,134346544,0,210954399,406,502735
11:54:34,47,WebClient,134346544,0,210954399,406,503250
11:54:34,47,WebClient,134346544,0,210954399,406,503766
11:54:35,47,WebClient,134346544,0,210954399,406,504281
11:54:35,47,WebClient,134346544,0,210954399,406,504797
11:54:36,47,WebClient,134346544,0,210954399,406,505297
11:54:36,47,WebClient,134346544,0,210954399,406,505813
11:54:37,47,WebClient,134346544,0,210954399,406,506328
11:54:37,47,WebClient,134346544,0,210954399,406,506828
11:54:38,47,WebClient,134346544,0,210954399,406,507344
11:54:38,47,WebClient,134346544,0,210954399,406,507860
11:54:39,47,WebClient,134346544,0,210954399,406,508375
11:54:39,47,WebClient,134346544,0,210954399,406,508891
11:54:40,47,WebClient,134346544,0,210954399,406,509391
11:54:41,47,WebClient,134346544,0,210954399,406,509906
11:54:41,47,WebClient,134346544,0,210954399,406,510422
11:54:42,47,WebClient,134346544,0,210954399,406,510922
11:54:42,47,WebClient,134346544,0,210954399,406,511438
11:54:43,47,WebClient,134346544,0,210954399,406,511953
11:54:43,47,WebClient,134346544,0,210954399,406,512469
11:54:44,47,WebClient,134346544,0,210954399,406,512969
11:54:44,47,WebClient,134346544,0,210954399,406,513485
11:54:45,47,WebClient,134346544,0,210954399,406,514000
11:54:45,47,WebClient,134346544,0,210954399,406,514500
11:54:46,47,WebClient,134346544,0,210954399,406,515016
11:54:46,47,WebClient,134346544,0,210954399,406,515531
11:54:47,47,WebClient,134346544,0,210954399,406,516031
11:54:47,47,WebClient,134346544,0,210954399,406,516547
11:54:48,47,WebClient,134346544,0,210954399,406,517063
11:54:48,47,WebClient,134346544,0,210954399,406,517578
11:54:49,47,WebClient,134346544,0,210954399,406,518094
11:54:49,47,WebClient,134346544,0,210954399,406,518594
11:54:50,47,WebClient,134346544,0,210954399,406,519110
11:54:50,47,WebClient,134346544,0,210954399,406,519610
11:54:51,47,WebClient,134346544,0,210954399,406,520125
11:54:51,47,WebClient,134346544,0,210954399,406,520641
11:54:52,47,WebClient,159670376,0,210954399,468,521156
11:54:52,47,WebClient,159670376,0,210954399,468,521656
11:54:53,47,WebClient,159670376,0,210954399,468,522172
11:54:53,47,WebClient,159670376,0,210954399,468,522688
11:54:54,47,WebClient,159670376,0,210954399,468,523203
11:54:54,47,WebClient,159670376,0,210954399,468,523703
11:54:55,47,WebClient,159670376,0,210954399,468,524219
11:54:55,47,WebClient,159670376,0,210954399,468,524735
11:54:56,47,WebClient,159670376,0,210954399,468,525250
11:54:56,47,WebClient,159670376,0,210954399,468,525750
11:54:57,47,WebClient,159670376,0,210954399,468,526266
11:54:57,47,WebClient,159670376,0,210954399,468,526781
11:54:58,47,WebClient,159670376,0,210954399,468,527281
11:54:58,47,WebClient,159670376,0,210954399,468,527797
11:54:59,47,WebClient,159670376,0,210954399,468,528313
11:54:59,47,WebClient,159670376,0,210954399,468,528828
11:55:00,47,WebClient,159670376,0,210954399,468,529344
11:55:00,47,WebClient,159670376,0,210954399,468,529844
11:55:01,47,WebClient,159670376,0,210954399,468,530360
11:55:01,47,WebClient,159670376,0,210954399,468,530875
11:55:02,47,WebClient,159670376,0,210954399,468,531391
11:55:02,47,WebClient,159670376,0,210954399,468,531891
11:55:03,47,WebClient,159670376,0,210954399,468,532406
11:55:04,47,WebClient,159670376,0,210954399,468,532922
11:55:04,47,WebClient,159670376,0,210954399,468,533438
11:55:05,47,WebClient,159670376,0,210954399,468,533938
11:55:05,47,WebClient,159670376,0,210954399,468,534453
11:55:06,47,WebClient,159670376,0,210954399,468,534969
11:55:06,47,WebClient,159670376,0,210954399,468,535485
11:55:07,47,WebClient,159670376,0,210954399,468,535985
11:55:07,47,WebClient,159670376,0,210954399,468,536500
11:55:08,47,WebClient,159670376,0,210954399,468,537016
11:55:08,47,WebClient,159670376,0,210954399,468,537516
11:55:09,47,WebClient,159670376,0,210954399,468,538031
11:55:09,47,WebClient,159670376,0,210954399,468,538547
11:55:10,47,WebClient,159670376,0,210954399,468,539063
11:55:10,47,WebClient,159670376,0,210954399,468,539563
11:55:11,47,WebClient,159670376,0,210954399,468,540078
11:55:11,47,WebClient,159670376,0,210954399,468,540594
11:55:12,47,WebClient,159670376,0,210954399,468,541110
11:55:12,47,WebClient,159670376,0,210954399,468,541610
11:55:13,47,WebClient,159670376,0,210954399,468,542125
11:55:13,47,WebClient,159670376,0,210954399,468,542641
11:55:14,47,WebClient,159670376,0,210954399,468,543141
11:55:14,47,WebClient,159670376,0,210954399,468,543656
11:55:15,47,WebClient,159670376,0,210954399,468,544172
11:55:15,47,WebClient,159670376,0,210954399,468,544688
11:55:16,47,WebClient,159670376,0,210954399,468,545203
11:55:16,47,WebClient,159670376,0,210954399,468,545703
11:55:17,47,WebClient,159670376,0,210954399,468,546219
11:55:17,47,WebClient,159670376,0,210954399,468,546735
11:55:18,47,WebClient,159670376,0,210954399,468,547250
11:55:18,47,WebClient,159670376,0,210954399,468,547766
11:55:19,47,WebClient,159670376,0,210954399,468,548281
11:55:19,47,WebClient,159670376,0,210954399,468,548781
11:55:20,47,WebClient,159670376,0,210954399,468,549297
11:55:20,47,WebClient,159670376,0,210954399,468,549813
11:55:21,47,WebClient,159670376,0,210954399,468,550328
11:55:21,47,WebClient,159670376,0,210954399,468,550828
11:55:22,47,WebClient,159670376,0,210954399,468,551344
11:55:22,47,WebClient,159670376,0,210954399,468,551860
11:55:23,47,WebClient,159670376,0,210954399,468,552375
11:55:23,47,WebClient,159670376,0,210954399,468,552875
11:55:24,47,WebClient,159670376,0,210954399,468,553391
11:55:24,47,WebClient,159670376,0,210954399,468,553891
11:55:25,47,WebClient,159670376,0,210954399,468,554406
11:55:26,47,WebClient,159670376,0,210954399,468,554922
11:55:26,47,WebClient,159670376,0,210954399,468,555422
11:55:27,47,WebClient,159670376,0,210954399,468,555938
11:55:27,47,WebClient,159670376,0,210954399,468,556453
11:55:28,47,WebClient,159670376,0,210954399,468,556969
11:55:28,47,WebClient,159670376,0,210954399,468,557485
11:55:29,47,WebClient,159670376,0,210954399,468,557985
11:55:29,47,WebClient,159670376,0,210954399,468,558500
11:55:30,47,WebClient,159670376,0,210954399,468,559016
11:55:30,47,WebClient,159670376,0,210954399,468,559516
11:55:31,47,WebClient,159670376,0,210954399,468,560031
11:55:31,47,WebClient,159670376,0,210954399,468,560547
11:55:32,47,WebClient,159670376,0,210954399,468,561063
11:55:32,47,WebClient,159670376,0,210954399,468,561563
11:55:33,47,WebClient,159670376,0,210954399,468,562078
11:55:33,47,WebClient,159670376,0,210954399,468,562594
11:55:34,47,WebClient,159670376,0,210954399,468,563094
11:55:34,47,WebClient,159670376,0,210954399,468,563610
11:55:35,47,WebClient,159670376,0,210954399,468,564125
11:55:35,47,WebClient,159670376,0,210954399,468,564625
11:55:36,47,WebClient,159670376,0,210954399,468,565141
11:55:36,47,WebClient,159670376,0,210954399,468,565656
11:55:37,47,WebClient,159670376,0,210954399,468,566156
11:55:37,47,WebClient,159670376,0,210954399,468,566672
11:55:38,47,WebClient,159670376,0,210954399,468,567172
11:55:38,47,WebClient,159670376,0,210954399,468,567688
11:55:39,47,WebClient,159670376,0,210954399,468,568203
11:55:39,47,WebClient,159670376,0,210954399,468,568703
11:55:40,47,WebClient,159670376,0,210954399,468,569219
11:55:40,47,WebClient,159670376,0,210954399,468,569735
11:55:41,47,WebClient,159670376,0,210954399,468,570235
11:55:41,47,WebClient,159670376,0,210954399,468,570750
11:55:42,47,WebClient,159670376,0,210954399,468,571250
11:55:42,47,WebClient,159670376,0,210954399,468,571766
11:55:43,47,WebClient,159670376,0,210954399,468,572281
11:55:43,47,WebClient,159670376,0,210954399,468,572797
11:55:44,47,WebClient,159670376,0,210954399,468,573297
11:55:44,47,WebClient,159670376,0,210954399,468,573813
11:55:45,47,WebClient,159670376,0,210954399,468,574328
11:55:45,47,WebClient,159670376,0,210954399,468,574828
11:55:46,47,WebClient,159670376,0,210954399,468,575344
11:55:46,47,WebClient,159670376,0,210954399,468,575860
11:55:47,47,WebClient,159670376,0,210954399,468,576360
11:55:47,47,WebClient,159670376,0,210954399,468,576875
11:55:48,47,WebClient,159670376,0,210954399,468,577391
11:55:48,47,WebClient,159670376,0,210954399,468,577891
11:55:49,47,WebClient,159670376,0,210954399,468,578406
11:55:50,47,WebClient,159670376,0,210954399,468,578922
11:55:50,47,WebClient,159670376,0,210954399,468,579422
11:55:51,47,WebClient,159670376,0,210954399,468,579938
11:55:51,47,WebClient,159670376,0,210954399,468,580453
11:55:52,47,WebClient,159670376,0,210954399,468,580953
11:55:52,47,WebClient,159670376,0,210954399,468,581469
11:55:53,47,WebClient,159670376,0,210954399,468,581985
11:55:53,47,WebClient,159670376,0,210954399,468,582485
11:55:54,47,WebClient,159670376,0,210954399,468,583000
11:55:54,47,WebClient,159670376,0,210954399,468,583516
11:55:55,47,WebClient,159670376,0,210954399,468,584016
11:55:55,47,WebClient,159670376,0,210954399,468,584531
11:55:56,47,WebClient,159670376,0,210954399,468,585047
11:55:56,47,WebClient,159670376,0,210954399,468,585547
11:55:57,47,WebClient,159670376,0,210954399,468,586063
11:55:57,47,WebClient,159670376,0,210954399,468,586563
11:55:58,47,WebClient,159670376,0,210954399,468,587078
11:55:58,47,WebClient,159670376,0,210954399,468,587594
11:55:59,47,WebClient,159670376,0,210954399,468,588094
11:55:59,47,WebClient,159670376,0,210954399,468,588610
11:56:00,47,WebClient,159670376,0,210954399,468,589125
11:56:00,47,WebClient,159670376,0,210954399,468,589625
11:56:01,47,WebClient,159670376,0,210954399,468,590141
11:56:01,47,WebClient,159670376,0,210954399,468,590656
11:56:02,47,WebClient,159670376,0,210954399,468,591156
11:56:02,47,WebClient,159670376,0,210954399,468,591672
11:56:03,47,WebClient,159670376,0,210954399,468,592188
11:56:03,47,WebClient,159670376,0,210954399,468,592688
11:56:04,47,WebClient,159670376,0,210954399,468,593203
11:56:04,47,WebClient,159670376,0,210954399,468,593719
11:56:05,47,WebClient,159670376,0,210954399,468,594219
11:56:05,47,WebClient,159670376,0,210954399,468,594735
11:56:06,47,WebClient,159670376,0,210954399,468,595250
11:56:06,47,WebClient,159670376,0,210954399,468,595750
11:56:07,47,WebClient,159670376,0,210954399,468,596266
11:56:07,47,WebClient,159670376,0,210954399,468,596766
11:56:08,47,WebClient,159670376,0,210954399,468,597281
11:56:08,47,WebClient,159670376,0,210954399,468,597797
11:56:09,47,WebClient,159670376,0,210954399,468,598313
11:56:09,47,WebClient,159670376,0,210954399,468,598813
11:56:10,47,WebClient,159670376,0,210954399,468,599328
11:56:10,47,WebClient,159670376,0,210954399,468,599844
11:56:11,47,WebClient,159670376,0,210954399,468,600344
11:56:11,47,WebClient,159670376,0,210954399,468,600860
11:56:12,47,WebClient,159670376,0,210954399,468,601375
11:56:12,47,WebClient,159670376,0,210954399,468,601875
11:56:13,47,WebClient,159670376,0,210954399,468,602391
11:56:14,47,WebClient,159670376,0,210954399,468,602906
11:56:14,47,WebClient,159670376,0,210954399,468,603422
11:56:15,47,WebClient,159670376,0,210954399,468,603922
11:56:15,47,WebClient,159670376,0,210954399,468,604438
11:56:16,47,WebClient,159670376,0,210954399,468,604938
11:56:16,47,WebClient,159670376,0,210954399,468,605453
11:56:17,47,WebClient,159670376,0,210954399,468,605969
11:56:17,47,WebClient,159670376,0,210954399,468,606469
11:56:18,47,WebClient,159670376,0,210954399,468,606985
11:56:18,47,WebClient,159670376,0,210954399,468,607500
11:56:19,47,WebClient,159670376,0,210954399,468,608000
11:56:19,47,WebClient,159670376,0,210954399,468,608516
11:56:20,47,WebClient,159670376,0,210954399,468,609031
11:56:20,47,WebClient,159670376,0,210954399,468,609547
11:56:21,47,WebClient,159670376,0,210954399,468,610063
11:56:21,47,WebClient,159670376,0,210954399,468,610563
11:56:22,47,WebClient,159670376,0,210954399,468,611078
11:56:22,47,WebClient,159670376,0,210954399,468,611594
11:56:23,47,WebClient,159670376,0,210954399,468,612094
11:56:23,47,WebClient,159670376,0,210954399,468,612610
11:56:24,47,WebClient,159670376,0,210954399,468,613125
11:56:24,47,WebClient,159670376,0,210954399,468,613641
11:56:25,47,WebClient,159670376,0,210954399,468,614141
11:56:25,47,WebClient,159670376,0,210954399,468,614656
11:56:26,47,WebClient,159670376,0,210954399,468,615172
11:56:26,47,WebClient,159670376,0,210954399,468,615672
11:56:27,47,WebClient,159670376,0,210954399,468,616188
11:56:27,47,WebClient,159670376,0,210954399,468,616703
11:56:28,47,WebClient,159670376,0,210954399,468,617203
11:56:28,47,WebClient,159670376,0,210954399,468,617719
11:56:29,47,WebClient,159670376,0,210954399,468,618235
11:56:29,47,WebClient,159670376,0,210954399,468,618750
11:56:30,47,WebClient,159670376,0,210954399,468,619250
11:56:30,47,WebClient,159670376,0,210954399,468,619766
11:56:31,47,WebClient,159670376,0,210954399,468,620281
11:56:31,47,WebClient,159670376,0,210954399,468,620797
11:56:32,47,WebClient,159670376,0,210954399,468,621297
11:56:32,47,WebClient,159670376,0,210954399,468,621813
11:56:33,47,WebClient,159670376,0,210954399,468,622328
11:56:33,47,WebClient,159670376,0,210954399,468,622828
11:56:34,47,WebClient,159670376,0,210954399,468,623344
11:56:34,47,WebClient,159670376,0,210954399,468,623860
11:56:35,47,WebClient,159670376,0,210954399,468,624375
11:56:35,47,WebClient,159670376,0,210954399,468,624891
11:56:36,47,WebClient,159670376,0,210954399,468,625391
11:56:37,47,WebClient,159670376,0,210954399,468,625906
11:56:37,47,WebClient,159670376,0,210954399,468,626422
11:56:38,47,WebClient,159670376,0,210954399,468,626922
11:56:38,47,WebClient,159670376,0,210954399,468,627438
11:56:39,47,WebClient,159670376,0,210954399,468,627953
11:56:39,47,WebClient,159670376,0,210954399,468,628453
11:56:40,47,WebClient,159670376,0,210954399,468,628969
11:56:40,47,WebClient,159670376,0,210954399,468,629469
11:56:41,47,WebClient,159670376,0,210954399,468,629985
11:56:41,47,WebClient,159670376,0,210954399,468,630500
11:56:42,47,WebClient,159670376,0,210954399,468,631000
11:56:42,47,WebClient,183712128,0,210954399,562,631516
11:56:43,47,WebClient,183712128,0,210954399,562,632031
11:56:43,47,WebClient,183712128,0,210954399,562,632547
11:56:44,47,WebClient,183712128,0,210954399,562,633063
11:56:44,47,WebClient,183712128,0,210954399,562,633563
11:56:45,47,WebClient,183712128,0,210954399,562,634078
11:56:45,47,WebClient,183712128,0,210954399,562,634594
11:56:46,47,WebClient,183712128,0,210954399,562,635110
11:56:46,47,WebClient,183712128,0,210954399,562,635625
11:56:47,47,WebClient,183712128,0,210954399,562,636125
11:56:47,47,WebClient,183712128,0,210954399,562,636641
11:56:48,47,WebClient,183712128,0,210954399,562,637156
11:56:48,47,WebClient,183712128,0,210954399,562,637672
11:56:49,47,WebClient,183712128,0,210954399,562,638172
11:56:49,47,WebClient,183712128,0,210954399,562,638688
11:56:50,47,WebClient,183712128,0,210954399,562,639203
11:56:50,47,WebClient,183712128,0,210954399,562,639703
11:56:51,47,WebClient,183712128,0,210954399,562,640219
11:56:51,47,WebClient,183712128,0,210954399,562,640735
11:56:52,47,WebClient,183712128,0,210954399,562,641235
11:56:52,47,WebClient,183712128,0,210954399,562,641750
11:56:53,47,WebClient,183712128,0,210954399,562,642266
11:56:53,47,WebClient,183712128,0,210954399,562,642781
11:56:54,47,WebClient,183712128,0,210954399,562,643297
11:56:54,47,WebClient,183712128,0,210954399,562,643813
11:56:55,47,WebClient,183712128,0,210954399,562,644328
11:56:55,47,WebClient,183712128,0,210954399,562,644844
11:56:56,47,WebClient,183712128,0,210954399,562,645344
11:56:56,47,WebClient,183712128,0,210954399,562,645860
11:56:57,47,WebClient,183712128,0,210954399,562,646360
11:56:57,47,WebClient,183712128,0,210954399,562,646875
11:56:58,47,WebClient,183712128,0,210954399,562,647391
11:56:59,47,WebClient,183712128,0,210954399,562,647906
11:56:59,47,WebClient,183712128,0,210954399,562,648406
11:57:00,47,WebClient,183712128,0,210954399,562,648922
11:57:00,47,WebClient,183712128,0,210954399,562,649438
11:57:01,47,WebClient,183712128,0,210954399,562,649938
11:57:01,47,WebClient,183712128,0,210954399,562,650453
11:57:02,47,WebClient,183712128,0,210954399,562,650969
11:57:02,47,WebClient,183712128,0,210954399,562,651485
11:57:03,47,WebClient,183712128,0,210954399,562,651985
11:57:03,47,WebClient,183712128,0,210954399,562,652500
11:57:04,47,WebClient,183712128,0,210954399,562,653016
11:57:04,47,WebClient,183712128,0,210954399,562,653516
11:57:05,47,WebClient,183712128,0,210954399,562,654031
11:57:05,47,WebClient,183712128,0,210954399,562,654547
11:57:06,47,WebClient,183712128,0,210954399,562,655047
11:57:06,47,WebClient,183712128,0,210954399,562,655563
11:57:07,47,WebClient,183712128,0,210954399,562,656078
11:57:07,47,WebClient,183712128,0,210954399,562,656578
11:57:08,47,WebClient,183712128,0,210954399,562,657094
11:57:08,47,WebClient,183712128,0,210954399,562,657610
11:57:09,47,WebClient,183712128,0,210954399,562,658125
11:57:09,47,WebClient,183712128,0,210954399,562,658625
11:57:10,47,WebClient,183712128,0,210954399,562,659141
11:57:10,47,WebClient,183712128,0,210954399,562,659656
11:57:11,47,WebClient,183712128,0,210954399,562,660156
11:57:11,47,WebClient,183712128,0,210954399,562,660672
11:57:12,47,WebClient,183712128,0,210954399,562,661188
11:57:12,47,WebClient,183712128,0,210954399,562,661688
11:57:13,47,WebClient,183712128,0,210954399,562,662203
11:57:13,47,WebClient,183712128,0,210954399,562,662719
11:57:14,47,WebClient,183712128,0,210954399,562,663219
11:57:14,47,WebClient,183712128,0,210954399,562,663735
11:57:15,47,WebClient,183712128,0,210954399,562,664235
11:57:15,47,WebClient,183712128,0,210954399,562,664750
11:57:16,47,WebClient,183712128,0,210954399,562,665266
11:57:16,47,WebClient,183712128,0,210954399,562,665766
11:57:17,47,WebClient,183712128,0,210954399,562,666281
11:57:17,47,WebClient,183712128,0,210954399,562,666797
11:57:18,47,WebClient,183712128,0,210954399,562,667297
11:57:18,47,WebClient,183712128,0,210954399,562,667813
11:57:19,47,WebClient,183712128,0,210954399,562,668328
11:57:19,47,WebClient,183712128,0,210954399,562,668828
11:57:20,47,WebClient,183712128,0,210954399,562,669344
11:57:20,47,WebClient,183712128,0,210954399,562,669860
11:57:21,47,WebClient,183712128,0,210954399,562,670360
11:57:21,47,WebClient,183712128,0,210954399,562,670875
11:57:22,47,WebClient,183712128,0,210954399,562,671391
11:57:22,47,WebClient,183712128,0,210954399,562,671891
11:57:23,47,WebClient,183712128,0,210954399,562,672406
11:57:24,47,WebClient,183712128,0,210954399,562,672922
11:57:24,47,WebClient,183712128,0,210954399,562,673438
11:57:25,47,WebClient,183712128,0,210954399,562,673938
11:57:25,47,WebClient,183712128,0,210954399,562,674453
11:57:26,47,WebClient,183712128,0,210954399,562,674953
11:57:26,47,WebClient,183712128,0,210954399,562,675469
11:57:27,47,WebClient,183712128,0,210954399,562,675985
11:57:27,47,WebClient,183712128,0,210954399,562,676485
11:57:28,47,WebClient,183712128,0,210954399,562,677000
11:57:28,47,WebClient,183712128,0,210954399,562,677516
11:57:29,47,WebClient,183712128,0,210954399,562,678031
11:57:29,47,WebClient,183712128,0,210954399,562,678547
11:57:30,47,WebClient,183712128,0,210954399,562,679063
11:57:30,47,WebClient,183712128,0,210954399,562,679578
11:57:31,47,WebClient,183712128,0,210954399,562,680094
11:57:31,47,WebClient,183712128,0,210954399,562,680610
11:57:32,47,WebClient,183712128,0,210954399,562,681110
11:57:32,47,WebClient,183712128,0,210954399,562,681625
11:57:33,47,WebClient,183712128,0,210954399,562,682141
11:57:33,47,WebClient,194679480,0,210954399,609,682656
11:57:34,47,WebClient,194679480,0,210954399,609,683172
11:57:34,47,WebClient,194679480,0,210954399,609,683688
11:57:35,47,WebClient,194679480,0,210954399,609,684203
11:57:35,47,WebClient,194679480,0,210954399,609,684719
11:57:36,47,WebClient,194679480,0,210954399,609,685235
11:57:36,47,WebClient,194679480,0,210954399,609,685750
11:57:37,47,WebClient,194679480,0,210954399,609,686250
11:57:37,47,WebClient,194679480,0,210954399,609,686766
11:57:38,47,WebClient,194679480,0,210954399,609,687281
11:57:38,47,WebClient,194679480,0,210954399,609,687797
11:57:39,47,WebClient,194679480,0,210954399,609,688313
11:57:39,47,WebClient,194679480,0,210954399,609,688813
11:57:40,47,WebClient,194679480,0,210954399,609,689328
11:57:40,47,WebClient,194679480,0,210954399,609,689860
11:57:41,47,WebClient,194679480,0,210954399,609,690375
11:57:41,47,WebClient,194679480,0,210954399,609,690891
11:57:42,47,WebClient,194679480,0,210954399,609,691406
11:57:43,47,WebClient,194679480,0,210954399,609,691922
11:57:43,47,WebClient,194679480,0,210954399,609,692453
11:57:44,47,WebClient,194679480,0,210954399,609,692969
11:57:44,47,WebClient,194679480,0,210954399,609,693485
11:57:45,47,WebClient,194679480,0,210954399,609,693985
11:57:45,47,WebClient,194679480,0,210954399,609,694500
11:57:46,47,WebClient,194679480,0,210954399,609,695016
11:57:46,47,WebClient,194679480,0,210954399,609,695516
11:57:47,47,WebClient,194679480,0,210954399,609,696031
11:57:47,47,WebClient,194679480,0,210954399,609,696547
11:57:48,47,WebClient,194679480,0,210954399,609,697063
11:57:48,47,WebClient,194679480,0,210954399,609,697578
11:57:49,47,WebClient,194679480,0,210954399,609,698078
11:57:49,47,WebClient,194679480,0,210954399,609,698594
11:57:50,47,WebClient,194679480,0,210954399,609,699110
11:57:50,47,WebClient,194679480,0,210954399,609,699610
11:57:51,47,WebClient,202037200,0,210954399,625,700125
11:57:51,47,WebClient,202037200,0,210954399,625,700641
11:57:52,47,WebClient,202037200,0,210954399,625,701156
11:57:52,47,WebClient,202037200,0,210954399,625,701656
11:57:53,47,WebClient,202037200,0,210954399,625,702172
11:57:53,47,WebClient,202037200,0,210954399,625,702688
11:57:54,47,WebClient,202037200,0,210954399,625,703203
11:57:54,47,WebClient,202037200,0,210954399,625,703719
11:57:55,47,WebClient,202037200,0,210954399,625,704235
11:57:55,47,WebClient,202037200,0,210954399,625,704750
11:57:56,47,WebClient,202037200,0,210954399,625,705266
11:57:56,47,WebClient,202037200,0,210954399,625,705766
11:57:57,47,WebClient,202037200,0,210954399,625,706281
11:57:57,47,WebClient,202037200,0,210954399,625,706813
11:57:58,47,WebClient,202037200,0,210954399,625,707328
11:57:58,47,WebClient,202037200,0,210954399,625,707844
11:57:59,47,WebClient,202037200,0,210954399,625,708406
11:58:00,47,WebClient,202037200,0,210954399,625,708922
11:58:00,47,WebClient,202037200,0,210954399,625,709422
11:58:01,47,WebClient,202037200,0,210954399,625,709953
11:58:01,47,WebClient,202037200,0,210954399,625,710485
11:58:02,47,WebClient,202037200,0,210954399,625,711000
11:58:02,47,WebClient,202037200,0,210954399,625,711516
11:58:03,47,WebClient,202037200,0,210954399,625,712031
11:58:03,47,WebClient,202037200,0,210954399,625,712547
11:58:04,47,WebClient,202037200,0,210954399,625,713063
11:58:04,47,WebClient,202037200,0,210954399,625,713578
11:58:05,47,WebClient,202037200,0,210954399,625,714094
11:58:05,47,WebClient,202037200,0,210954399,625,714610
11:58:06,47,WebClient,202037200,0,210954399,625,715125
11:58:06,47,WebClient,202037200,0,210954399,625,715641
11:58:07,47,WebClient,202037200,0,210954399,625,716141
11:58:07,47,WebClient,202037200,0,210954399,625,716656
11:58:08,47,WebClient,202037200,0,210954399,625,717172
11:58:08,47,WebClient,202037200,0,210954399,625,717688
11:58:09,47,WebClient,202037200,0,210954399,625,718188
11:58:09,47,WebClient,202037200,0,210954399,625,718703
11:58:10,47,WebClient,202037200,0,210954399,625,719219
11:58:10,47,WebClient,202037200,0,210954399,625,719735
11:58:11,47,WebClient,202037200,0,210954399,625,720250
11:58:11,47,WebClient,202037200,0,210954399,625,720766
11:58:12,47,WebClient,202037200,0,210954399,625,721266
11:58:12,47,WebClient,202037200,0,210954399,625,721781
11:58:13,47,WebClient,202037200,0,210954399,625,722281
11:58:13,47,WebClient,202037200,0,210954399,625,722797
11:58:14,47,WebClient,202037200,0,210954399,625,723313
11:58:14,47,WebClient,202037200,0,210954399,625,723828
11:58:15,47,WebClient,202037200,0,210954399,625,724344
11:58:15,47,WebClient,202037200,0,210954399,625,724860
11:58:16,47,WebClient,202037200,0,210954399,625,725375
11:58:16,47,WebClient,202037200,0,210954399,625,725891
11:58:17,47,WebClient,202037200,0,210954399,625,726391
11:58:18,47,WebClient,202037200,0,210954399,625,726906
11:58:18,47,WebClient,202037200,0,210954399,625,727422
11:58:19,47,WebClient,202037200,0,210954399,625,727938
11:58:19,47,WebClient,202037200,0,210954399,625,728438
11:58:20,47,WebClient,202037200,0,210954399,625,728953
11:58:20,47,WebClient,202037200,0,210954399,625,729469
11:58:21,47,WebClient,202037200,0,210954399,625,729969
11:58:21,47,WebClient,202037200,0,210954399,625,730485
11:58:22,47,WebClient,202037200,0,210954399,625,731000
11:58:22,47,WebClient,202037200,0,210954399,625,731516
11:58:23,47,WebClient,202037200,0,210954399,625,732031
11:58:23,47,WebClient,202037200,0,210954399,625,732547
11:58:24,47,WebClient,202037200,0,210954399,625,733063
11:58:24,47,WebClient,202037200,0,210954399,625,733563
11:58:25,47,WebClient,202037200,0,210954399,625,734078
11:58:25,47,WebClient,202037200,0,210954399,625,734594
11:58:26,47,WebClient,202037200,0,210954399,625,735110
11:58:26,47,WebClient,202037200,0,210954399,625,735610
11:58:27,47,WebClient,202037200,0,210954399,625,736125
11:58:27,47,WebClient,202037200,0,210954399,625,736641
11:58:28,47,WebClient,202037200,0,210954399,625,737156
11:58:28,47,WebClient,202037200,0,210954399,625,737672
11:58:29,47,WebClient,202037200,0,210954399,625,738188
11:58:29,47,WebClient,202037200,0,210954399,625,738688
11:58:30,47,WebClient,202037200,0,210954399,625,739203
11:58:30,47,WebClient,202037200,0,210954399,625,739719
11:58:31,47,WebClient,202037200,0,210954399,625,740235
11:58:31,47,WebClient,202037200,0,210954399,625,740750
11:58:32,47,WebClient,202037200,0,210954399,625,741266
11:58:32,47,WebClient,202037200,0,210954399,625,741766
11:58:33,47,WebClient,202037200,0,210954399,625,742281
11:58:33,47,WebClient,202037200,0,210954399,625,742797
11:58:34,47,WebClient,202037200,0,210954399,625,743313
11:58:34,47,WebClient,202037200,0,210954399,625,743813
11:58:35,47,WebClient,202037200,0,210954399,625,744328
11:58:35,47,WebClient,202037200,0,210954399,625,744844
11:58:36,47,WebClient,202037200,0,210954399,625,745344
11:58:36,47,WebClient,202037200,0,210954399,625,745860
11:58:37,47,WebClient,202037200,0,210954399,625,746375
11:58:37,47,WebClient,202037200,0,210954399,625,746875
11:58:38,47,WebClient,202037200,0,210954399,625,747391
11:58:39,47,WebClient,202037200,0,210954399,625,747906
11:58:39,47,WebClient,202037200,0,210954399,625,748422
11:58:40,47,WebClient,202037200,0,210954399,625,748922
11:58:40,47,WebClient,202037200,0,210954399,625,749438
11:58:41,47,WebClient,202037200,0,210954399,625,749953
11:58:41,47,WebClient,202037200,0,210954399,625,750469
11:58:42,47,WebClient,202037200,0,210954399,625,750969
11:58:42,47,WebClient,202037200,0,210954399,625,751485
11:58:43,47,WebClient,202037200,0,210954399,625,752000
11:58:43,47,WebClient,202037200,0,210954399,625,752516
11:58:44,47,WebClient,202037200,0,210954399,625,753016
11:58:44,47,WebClient,202037200,0,210954399,625,753531
11:58:45,47,WebClient,202037200,0,210954399,625,754047
11:58:45,47,WebClient,202037200,0,210954399,625,754547
11:58:46,47,WebClient,202037200,0,210954399,625,755063
11:58:46,47,WebClient,202037200,0,210954399,625,755578
11:58:47,47,WebClient,202037200,0,210954399,625,756094
11:58:47,47,WebClient,202037200,0,210954399,625,756594
11:58:48,47,WebClient,202037200,0,210954399,625,757110
11:58:48,47,WebClient,202037200,0,210954399,625,757625
11:58:49,47,WebClient,202037200,0,210954399,625,758141
11:58:49,47,WebClient,202037200,0,210954399,625,758641
11:58:50,47,WebClient,202037200,0,210954399,625,759156
11:58:50,47,WebClient,202037200,0,210954399,625,759672
11:58:51,47,WebClient,202037200,0,210954399,625,760188
11:58:51,47,WebClient,202037200,0,210954399,625,760703
11:58:52,47,WebClient,202037200,0,210954399,625,761219
11:58:52,47,WebClient,202037200,0,210954399,625,761735
11:58:53,47,WebClient,202037200,0,210954399,625,762250
11:58:53,47,WebClient,202037200,0,210954399,625,762766
11:58:54,47,WebClient,202037200,0,210954399,625,763266
11:58:54,47,WebClient,202037200,0,210954399,625,763781
11:58:55,47,WebClient,202037200,0,210954399,625,764297
11:58:55,47,WebClient,202037200,0,210954399,625,764813
11:58:56,47,WebClient,202037200,0,210954399,625,765313
11:58:56,47,WebClient,202037200,0,210954399,625,765828
11:58:57,47,WebClient,202037200,0,210954399,625,766344
11:58:57,47,WebClient,202037200,0,210954399,625,766860
11:58:58,47,WebClient,202037200,0,210954399,625,767375
11:58:58,47,WebClient,202037200,0,210954399,625,767891
11:58:59,47,WebClient,202037200,0,210954399,625,768406
11:59:00,47,WebClient,202037200,0,210954399,625,768922
11:59:00,47,WebClient,202037200,0,210954399,625,769453
11:59:01,47,WebClient,202037200,0,210954399,625,770000
11:59:01,47,WebClient,202037200,0,210954399,625,770516
11:59:02,47,WebClient,202037200,0,210954399,625,771047
11:59:02,47,WebClient,202037200,0,210954399,625,771563
11:59:03,47,WebClient,202037200,0,210954399,625,772078
11:59:03,47,WebClient,202037200,0,210954399,625,772594
11:59:04,47,WebClient,202037200,0,210954399,625,773110
11:59:04,47,WebClient,202037200,0,210954399,625,773625
11:59:05,47,WebClient,202037200,0,210954399,625,774141
11:59:05,47,WebClient,202037200,0,210954399,625,774656
11:59:06,47,WebClient,202037200,0,210954399,625,775172
11:59:06,47,WebClient,202037200,0,210954399,625,775688
11:59:07,47,WebClient,202037200,0,210954399,625,776203
11:59:07,47,WebClient,202037200,0,210954399,625,776735
11:59:08,47,WebClient,202037200,0,210954399,625,777250
11:59:08,47,WebClient,202037200,0,210954399,625,777766
11:59:09,47,WebClient,202037200,0,210954399,625,778281
11:59:09,47,WebClient,202037200,0,210954399,625,778797
11:59:10,47,WebClient,202037200,0,210954399,625,779313
11:59:10,47,WebClient,202037200,0,210954399,625,779844
11:59:11,47,WebClient,202037200,0,210954399,625,780375
11:59:11,47,WebClient,202037200,0,210954399,625,780891
11:59:12,47,WebClient,202037200,0,210954399,625,781406
11:59:13,47,WebClient,202037200,0,210954399,625,781906
11:59:13,47,WebClient,202037200,0,210954399,625,782453
11:59:14,47,WebClient,202037200,0,210954399,625,782969
11:59:14,47,WebClient,202037200,0,210954399,625,783485
11:59:15,47,WebClient,202037200,0,210954399,625,784000
11:59:15,47,WebClient,219257160,0,210954399,687,784500
11:59:16,47,WebClient,219425528,0,210954399,687,785016
11:59:16,47,WebClient,219425528,0,210954399,687,785531
11:59:17,47,WebClient,219425528,0,210954399,687,786047
11:59:17,47,WebClient,219425528,0,210954399,687,786563
11:59:18,47,WebClient,219425528,0,210954399,687,787063
11:59:18,47,WebClient,219425528,0,210954399,687,787578
11:59:19,47,WebClient,219425528,0,210954399,687,788094
11:59:19,47,WebClient,219425528,0,210954399,687,788610
11:59:20,47,WebClient,219425528,0,210954399,687,789125
11:59:20,47,WebClient,219425528,0,210954399,687,789641
11:59:21,47,WebClient,219425528,0,210954399,687,790344
11:59:21,47,WebClient,219425528,0,210954399,687,790860
11:59:22,47,WebClient,219425528,0,210954399,687,791375
11:59:22,47,WebClient,219425528,0,210954399,687,791891
11:59:23,47,WebClient,219425528,0,210954399,687,792406
11:59:24,47,WebClient,219425528,0,210954399,687,792938
11:59:24,47,WebClient,219425528,0,210954399,687,793453
11:59:25,47,WebClient,219425528,0,210954399,687,793985
11:59:25,47,WebClient,219425528,0,210954399,687,794500
11:59:26,47,WebClient,219425528,0,210954399,687,795031
11:59:26,47,WebClient,219425528,0,210954399,687,795578
11:59:27,47,WebClient,219425528,0,210954399,687,796094
11:59:27,47,WebClient,219425528,0,210954399,687,796610
11:59:28,47,WebClient,219425528,0,210954399,687,797141
11:59:28,47,WebClient,219425528,0,210954399,687,797656
11:59:29,47,WebClient,219425528,0,210954399,687,798172
11:59:29,47,WebClient,219425528,0,210954399,687,798688
11:59:30,47,WebClient,219425528,0,210954399,687,799203
11:59:30,47,WebClient,219425528,0,210954399,687,799719
11:59:31,47,WebClient,219425528,0,210954399,687,800235
11:59:31,47,WebClient,219425528,0,210954399,687,800750
11:59:32,47,WebClient,219425528,0,210954399,687,801266
11:59:32,47,WebClient,219425528,0,210954399,687,801781
11:59:33,47,WebClient,219425528,0,210954399,687,802281
11:59:33,47,WebClient,219425528,0,210954399,687,802797
11:59:34,47,WebClient,219425528,0,210954399,687,803313
11:59:34,47,WebClient,219425528,0,210954399,687,803828
11:59:35,47,WebClient,219425528,0,210954399,687,804344
11:59:35,47,WebClient,219425528,0,210954399,687,804860
11:59:36,47,WebClient,219425528,0,210954399,687,805360
11:59:36,47,WebClient,219425528,0,210954399,687,805875
11:59:37,47,WebClient,219425528,0,210954399,687,806391
11:59:38,47,WebClient,219425528,0,210954399,687,806906
11:59:38,47,WebClient,219425528,0,210954399,687,807422
11:59:39,47,WebClient,219425528,0,210954399,687,807938
11:59:39,47,WebClient,219425528,0,210954399,687,808453
11:59:40,47,WebClient,219425528,0,210954399,687,808969
11:59:40,47,WebClient,219425528,0,210954399,687,809485
11:59:41,47,WebClient,219425528,0,210954399,687,810000
11:59:41,47,WebClient,219425528,0,210954399,687,810516
11:59:42,47,WebClient,219425528,0,210954399,687,811031
11:59:42,47,WebClient,219425528,0,210954399,687,811531
11:59:43,47,WebClient,219425528,0,210954399,687,812047
11:59:43,47,WebClient,219425528,0,210954399,687,812563
11:59:44,47,WebClient,219425528,0,210954399,687,813078
11:59:44,47,WebClient,219425528,0,210954399,687,813594
11:59:45,47,WebClient,219425528,0,210954399,687,814110
11:59:45,47,WebClient,219425528,0,210954399,687,814625
11:59:46,47,WebClient,219425528,0,210954399,687,815141
11:59:46,47,WebClient,219425528,0,210954399,687,815656
11:59:47,47,WebClient,219425528,0,210954399,687,816156
11:59:47,47,WebClient,219425528,0,210954399,687,816672
11:59:48,47,WebClient,219425528,0,210954399,687,817188
11:59:48,47,WebClient,219425528,0,210954399,687,817703
11:59:49,47,WebClient,219425528,0,210954399,687,818250
11:59:49,47,WebClient,219425528,0,210954399,687,818766
11:59:50,47,WebClient,219425528,0,210954399,687,819281
11:59:50,47,WebClient,219425528,0,210954399,687,819797
11:59:51,47,WebClient,219425528,0,210954399,687,820313
11:59:51,47,WebClient,219425528,0,210954399,687,820828
11:59:52,47,WebClient,219425528,0,210954399,687,821344
11:59:52,47,WebClient,219425528,0,210954399,687,821844
11:59:53,47,WebClient,219425528,0,210954399,687,822360
11:59:53,47,WebClient,219425528,0,210954399,687,822875
11:59:54,47,WebClient,219425528,0,210954399,687,823391
11:59:54,47,WebClient,219425528,0,210954399,687,823891
11:59:55,47,WebClient,219425528,0,210954399,687,824406
11:59:56,47,WebClient,219425528,0,210954399,687,824922
11:59:56,47,WebClient,219425528,0,210954399,687,825422
11:59:57,47,WebClient,219425528,0,210954399,687,825938
11:59:57,47,WebClient,219425528,0,210954399,687,826453
11:59:58,47,WebClient,219425528,0,210954399,687,826969
11:59:58,47,WebClient,219425528,0,210954399,687,827469
11:59:59,47,WebClient,219425528,0,210954399,687,827985
11:59:59,47,WebClient,219425528,0,210954399,687,828500
12:00:00,47,WebClient,219425528,0,210954399,687,829016
12:00:00,47,WebClient,219425528,0,210954399,687,829516
12:00:01,47,WebClient,219425528,0,210954399,687,830031
12:00:01,47,WebClient,219425528,0,210954399,687,830547
12:00:02,47,WebClient,219425528,0,210954399,687,831063
12:00:02,47,WebClient,219425528,0,210954399,687,831578
12:00:03,47,WebClient,219425528,0,210954399,687,832094
12:00:03,47,WebClient,219425528,0,210954399,687,832610
12:00:04,47,WebClient,219425528,0,210954399,687,833110
12:00:04,47,WebClient,219425528,0,210954399,687,833625
12:00:05,47,WebClient,219425528,0,210954399,687,834141
12:00:05,47,WebClient,219425528,0,210954399,687,834656
12:00:06,47,WebClient,219425528,0,210954399,687,835156
12:00:06,47,WebClient,219425528,0,210954399,687,835672
12:00:07,47,WebClient,219425528,0,210954399,687,836188
12:00:07,47,WebClient,219425528,0,210954399,687,836703
12:00:08,47,WebClient,219425528,0,210954399,687,837219
12:00:08,47,WebClient,219425528,0,210954399,687,837735
12:00:09,47,WebClient,219425528,0,210954399,687,838250
12:00:09,47,WebClient,219425528,0,210954399,687,838750
12:00:10,47,WebClient,219425528,0,210954399,687,839266
12:00:10,47,WebClient,219425528,0,210954399,687,839781
12:00:11,47,WebClient,219425528,0,210954399,687,840297
12:00:11,47,WebClient,219425528,0,210954399,687,840813
12:00:12,47,WebClient,219425528,0,210954399,687,841328
12:00:12,47,WebClient,219425528,0,210954399,687,841844
12:00:13,47,WebClient,219425528,0,210954399,687,842360
12:00:13,47,WebClient,219425528,0,210954399,687,842875
12:00:14,47,WebClient,219425528,0,210954399,687,843391
12:00:14,47,WebClient,219425528,0,210954399,687,843891
12:00:15,47,WebClient,219425528,0,210954399,687,844406
12:00:16,47,WebClient,219425528,0,210954399,687,844922
12:00:16,47,WebClient,219425528,0,210954399,687,845438
12:00:17,47,WebClient,219425528,0,210954399,687,845953
12:00:17,47,WebClient,219425528,0,210954399,687,846453
12:00:18,47,WebClient,219425528,0,210954399,687,846969
12:00:18,47,WebClient,219425528,0,210954399,687,847485
12:00:19,47,WebClient,219425528,0,210954399,687,848000
12:00:19,47,WebClient,219425528,0,210954399,687,848516
12:00:20,47,WebClient,219425528,0,210954399,687,849016
12:00:20,47,WebClient,219425528,0,210954399,687,849531
12:00:21,47,WebClient,219425528,0,210954399,687,850047
12:00:21,47,WebClient,219425528,0,210954399,687,850563
12:00:22,47,WebClient,219425528,0,210954399,687,851078
12:00:22,47,WebClient,219425528,0,210954399,687,851578
12:00:23,47,WebClient,219425528,0,210954399,687,852094
12:00:23,47,WebClient,219425528,0,210954399,687,852610
12:00:24,47,WebClient,219425528,0,210954399,687,853125
12:00:24,47,WebClient,219425528,0,210954399,687,853641
12:00:25,47,WebClient,219425528,0,210954399,687,854141
12:00:25,47,WebClient,219425528,0,210954399,687,854656
12:00:26,47,WebClient,219425528,0,210954399,687,855172
12:00:26,47,WebClient,219425528,0,210954399,687,855672
12:00:27,47,WebClient,219425528,0,210954399,687,856188
12:00:27,47,WebClient,219425528,0,210954399,687,856703
12:00:28,47,WebClient,219425528,0,210954399,687,857219
12:00:28,47,WebClient,219425528,0,210954399,687,857719
12:00:29,47,WebClient,219425528,0,210954399,687,858235
12:00:29,47,WebClient,219425528,0,210954399,687,858750
12:00:30,47,WebClient,219425528,0,210954399,687,859266
12:00:30,47,WebClient,219425528,0,210954399,687,859766
12:00:31,47,WebClient,219425528,0,210954399,687,860281
12:00:31,47,WebClient,219425528,0,210954399,687,860797
12:00:32,47,WebClient,219425528,0,210954399,687,861313
12:00:32,47,WebClient,219425528,0,210954399,687,861813
12:00:33,47,WebClient,219425528,0,210954399,687,862328
12:00:33,47,WebClient,219425528,0,210954399,687,862844
12:00:34,47,WebClient,219425528,0,210954399,687,863344
12:00:34,47,WebClient,219425528,0,210954399,687,863860
12:00:35,47,WebClient,219425528,0,210954399,687,864375
12:00:35,47,WebClient,219425528,0,210954399,687,864875
12:00:36,47,WebClient,219425528,0,210954399,687,865391
12:00:37,47,WebClient,219425528,0,210954399,687,865906
12:00:37,47,WebClient,219425528,0,210954399,687,866422
12:00:38,47,WebClient,219425528,0,210954399,687,866922
12:00:38,47,WebClient,219425528,0,210954399,687,867438
12:00:39,47,WebClient,219425528,0,210954399,687,867938
12:00:39,47,WebClient,219425528,0,210954399,687,868453
12:00:40,47,WebClient,219425528,0,210954399,687,868969
12:00:40,47,WebClient,219425528,0,210954399,687,869469
12:00:41,47,WebClient,219425528,0,210954399,687,869985
12:00:41,47,WebClient,219425528,0,210954399,687,870500
12:00:42,47,WebClient,219425528,0,210954399,687,871000
12:00:42,47,WebClient,219425528,0,210954399,687,871516
12:00:43,47,WebClient,219425528,0,210954399,687,872016
12:00:43,47,WebClient,219425528,0,210954399,687,872531
12:00:44,47,WebClient,219425528,0,210954399,687,873047
12:00:44,47,WebClient,219425528,0,210954399,687,873547
12:00:45,47,WebClient,219425528,0,210954399,687,874063
12:00:45,47,WebClient,219425528,0,210954399,687,874578
12:00:46,47,WebClient,219425528,0,210954399,687,875078
12:00:46,47,WebClient,219425528,0,210954399,687,875594
12:00:47,47,WebClient,219425528,0,210954399,687,876110
12:00:47,47,WebClient,219425528,0,210954399,687,876625
12:00:48,47,WebClient,219425528,0,210954399,687,877125
12:00:48,47,WebClient,219425528,0,210954399,687,877641
12:00:49,47,WebClient,219425528,0,210954399,687,878141
12:00:49,47,WebClient,219425528,0,210954399,687,878656
12:00:50,47,WebClient,219425528,0,210954399,687,879172
12:00:50,47,WebClient,219425528,0,210954399,687,879672
12:00:51,47,WebClient,219425528,0,210954399,687,880188
12:00:51,47,WebClient,219425528,0,210954399,687,880703
12:00:52,47,WebClient,219425528,0,210954399,687,881219
12:00:52,47,WebClient,219425528,0,210954399,687,881719
12:00:53,47,WebClient,219425528,0,210954399,687,882235
12:00:53,47,WebClient,219425528,0,210954399,687,882750
12:00:54,47,WebClient,219425528,0,210954399,687,883250
12:00:54,47,WebClient,219425528,0,210954399,687,883766
12:00:55,47,WebClient,219425528,0,210954399,687,884281
12:00:55,47,WebClient,219425528,0,210954399,687,884781
12:00:56,47,WebClient,219425528,0,210954399,687,885297
12:00:56,47,WebClient,219425528,0,210954399,687,885797
12:00:57,47,WebClient,219425528,0,210954399,687,886313
12:00:57,47,WebClient,219425528,0,210954399,687,886828
12:00:58,47,WebClient,219425528,0,210954399,687,887328
12:00:58,47,WebClient,219425528,0,210954399,687,887844
12:00:59,47,WebClient,219425528,0,210954399,687,888360
12:00:59,47,WebClient,219425528,0,210954399,687,888860
12:01:00,47,WebClient,219425528,0,210954399,687,889375
12:01:00,47,WebClient,219425528,0,210954399,687,889875
12:01:01,47,WebClient,219425528,0,210954399,687,890391
12:01:01,47,WebClient,219425528,0,210954399,687,890891
12:01:02,47,WebClient,219425528,0,210954399,687,891406
12:01:03,47,WebClient,219425528,0,210954399,687,891922
12:01:03,47,WebClient,219425528,0,210954399,687,892422
12:01:04,47,WebClient,219425528,0,210954399,687,892938
12:01:04,47,WebClient,219425528,0,210954399,687,893438
12:01:05,47,WebClient,219425528,0,210954399,687,893953
12:01:05,47,WebClient,219425528,0,210954399,687,894453
12:01:06,47,WebClient,219425528,0,210954399,687,894969
12:01:06,47,WebClient,219425528,0,210954399,687,895485
12:01:07,47,WebClient,219425528,0,210954399,687,895985
12:01:07,47,WebClient,219425528,0,210954399,687,896500
12:01:08,47,WebClient,219425528,0,210954399,687,897000
12:01:08,47,WebClient,219425528,0,210954399,687,897516
12:01:09,47,WebClient,219425528,0,210954399,687,898031
12:01:09,47,WebClient,219425528,0,210954399,687,898531
12:01:10,47,WebClient,219425528,0,210954399,687,899047
12:01:10,47,WebClient,219425528,0,210954399,687,899547
12:01:11,47,WebClient,219425528,0,210954399,687,900063
12:01:11,47,WebClient,219425528,0,210954399,687,900578
12:01:12,47,WebClient,219425528,0,210954399,687,901078
12:01:12,47,WebClient,219425528,0,210954399,687,901594
12:01:13,47,WebClient,219425528,0,210954399,687,902110
12:01:13,47,WebClient,219425528,0,210954399,687,902610
12:01:14,47,WebClient,219425528,0,210954399,687,903125
12:01:14,47,WebClient,219425528,0,210954399,687,903625
12:01:15,47,WebClient,219425528,0,210954399,687,904141
12:01:15,47,WebClient,219425528,0,210954399,687,904656
12:01:16,47,WebClient,219425528,0,210954399,687,905156
12:01:16,47,WebClient,219425528,0,210954399,687,905672
12:01:17,47,WebClient,219425528,0,210954399,687,906188
12:01:17,47,WebClient,219425528,0,210954399,687,906688
12:01:18,47,WebClient,219425528,0,210954399,687,907203
12:01:18,47,WebClient,219425528,0,210954399,687,907719
12:01:19,47,WebClient,219425528,0,210954399,687,908235
12:01:19,47,WebClient,219425528,0,210954399,687,908735
12:01:20,47,WebClient,219425528,0,210954399,687,909250
12:01:20,47,WebClient,219425528,0,210954399,687,909750
12:01:21,47,WebClient,219425528,0,210954399,687,910266
12:01:21,47,WebClient,219425528,0,210954399,687,910781
12:01:22,47,WebClient,219425528,0,210954399,687,911297
12:01:22,47,WebClient,219425528,0,210954399,687,911797
12:01:23,47,WebClient,219425528,0,210954399,687,912313
12:01:23,47,WebClient,219425528,0,210954399,687,912828
12:01:24,47,WebClient,219425528,0,210954399,687,913328
12:01:24,47,WebClient,219425528,0,210954399,687,913844
12:01:25,47,WebClient,219425528,0,210954399,687,914360
12:01:25,47,WebClient,219425528,0,210954399,687,914860
12:01:26,47,WebClient,219425528,0,210954399,687,915375
12:01:26,47,WebClient,219425528,0,210954399,687,915875
12:01:27,47,WebClient,219425528,0,210954399,687,916391
12:01:28,47,WebClient,219425528,0,210954399,687,916906
12:01:28,47,WebClient,219425528,0,210954399,687,917406
12:01:29,47,WebClient,219425528,0,210954399,687,917922
12:01:29,47,WebClient,219425528,0,210954399,687,918438
12:01:30,47,WebClient,219425528,0,210954399,687,918938
12:01:30,47,WebClient,219425528,0,210954399,687,919453
12:01:31,47,WebClient,219425528,0,210954399,687,919953
12:01:31,47,WebClient,219425528,0,210954399,687,920469
12:01:32,47,WebClient,219425528,0,210954399,687,920985
12:01:32,47,WebClient,219425528,0,210954399,687,921485
12:01:33,47,WebClient,219425528,0,210954399,687,922000
12:01:33,47,WebClient,219425528,0,210954399,687,922516
12:01:34,47,WebClient,219425528,0,210954399,687,923016
12:01:34,47,WebClient,219425528,0,210954399,687,923531
12:01:35,47,WebClient,219425528,0,210954399,687,924031
12:01:35,47,WebClient,219425528,0,210954399,687,924547
12:01:36,47,WebClient,219425528,0,210954399,687,925063
12:01:36,47,WebClient,219425528,0,210954399,687,925563
12:01:37,47,WebClient,219425528,0,210954399,687,926078
12:01:37,47,WebClient,219425528,0,210954399,687,926594
12:01:38,47,WebClient,219425528,0,210954399,687,927094
12:01:38,47,WebClient,219425528,0,210954399,687,927610
12:01:39,47,WebClient,219425528,0,210954399,687,928110
12:01:39,47,WebClient,219425528,0,210954399,687,928625
12:01:40,47,WebClient,219425528,0,210954399,687,929141
12:01:40,47,WebClient,219425528,0,210954399,687,929641
12:01:41,47,WebClient,219425528,0,210954399,687,930156
12:01:41,47,WebClient,219425528,0,210954399,687,930656
12:01:42,47,WebClient,219425528,0,210954399,687,931172
12:01:42,47,WebClient,219425528,0,210954399,687,931688
12:01:43,47,WebClient,219425528,0,210954399,687,932203
12:01:43,47,WebClient,219425528,0,210954399,687,932703
12:01:44,47,WebClient,219425528,0,210954399,687,933219
12:01:44,47,WebClient,219425528,0,210954399,687,933735
12:01:45,47,WebClient,219425528,0,210954399,687,934250
12:01:45,47,WebClient,219425528,0,210954399,687,934766
12:01:46,47,WebClient,219425528,0,210954399,687,935266
12:01:46,47,WebClient,219425528,0,210954399,687,935797
12:01:47,47,WebClient,219425528,0,210954399,687,936297
12:01:47,47,WebClient,219425528,0,210954399,687,936813
12:01:48,47,WebClient,219425528,0,210954399,687,937328
12:01:48,47,WebClient,219425528,0,210954399,687,937875
12:01:49,47,WebClient,219425528,0,210954399,687,938406
12:01:50,47,WebClient,219425528,0,210954399,687,938922
12:01:50,47,WebClient,219425528,0,210954399,687,939438
12:01:51,47,WebClient,219425528,0,210954399,687,939938
12:01:51,47,WebClient,219425528,0,210954399,687,940453
12:01:52,47,WebClient,219425528,0,210954399,687,940969
12:01:52,47,WebClient,219425528,0,210954399,687,941485
12:01:53,47,WebClient,219425528,0,210954399,687,942000
12:01:53,47,WebClient,219425528,0,210954399,687,942500
12:01:54,47,WebClient,219425528,0,210954399,687,943016
12:01:54,47,WebClient,219425528,0,210954399,687,943531
12:01:55,47,WebClient,219425528,0,210954399,687,944047
12:01:55,47,WebClient,219425528,0,210954399,687,944563
12:01:56,47,WebClient,219425528,0,210954399,687,945063
12:01:56,47,WebClient,219425528,0,210954399,687,945578
12:01:57,47,WebClient,219425528,0,210954399,687,946094
12:01:57,47,WebClient,219425528,0,210954399,687,946594
12:01:58,47,WebClient,219425528,0,210954399,687,947110
12:01:58,47,WebClient,219425528,0,210954399,687,947625
12:01:59,47,WebClient,219425528,0,210954399,687,948141
12:01:59,47,WebClient,219425528,0,210954399,687,948656
12:02:00,47,WebClient,219425528,0,210954399,687,949156
12:02:00,47,WebClient,219425528,0,210954399,687,949672
12:02:01,47,WebClient,219425528,0,210954399,687,950188
12:02:01,47,WebClient,219425528,0,210954399,687,950703
12:02:02,47,WebClient,219425528,0,210954399,687,951219
12:02:02,47,WebClient,219425528,0,210954399,687,951766
12:02:03,47,WebClient,219425528,0,210954399,687,952297
12:02:03,47,WebClient,219425528,0,210954399,687,952813
12:02:04,47,WebClient,219425528,0,210954399,687,953328
12:02:04,47,WebClient,219425528,0,210954399,687,953844
12:02:05,47,WebClient,219425528,0,210954399,687,954344
12:02:05,47,WebClient,219425528,0,210954399,687,954860
12:02:06,47,WebClient,219425528,0,210954399,687,955375
12:02:06,47,WebClient,219425528,0,210954399,687,955891
12:02:07,47,WebClient,219425528,0,210954399,687,956406
12:02:08,47,WebClient,219425528,0,210954399,687,956938
12:02:08,47,WebClient,219425528,0,210954399,687,957453
12:02:09,47,WebClient,219425528,0,210954399,687,957969
12:02:09,47,WebClient,219425528,0,210954399,687,958469
12:02:10,47,WebClient,219425528,0,210954399,687,958985
12:02:10,47,WebClient,219425528,0,210954399,687,959500
12:02:11,47,WebClient,219425528,0,210954399,687,960016
12:02:11,47,WebClient,219425528,0,210954399,687,960531
12:02:12,47,WebClient,219425528,0,210954399,687,961047
12:02:12,47,WebClient,219425528,0,210954399,687,961563
12:02:13,47,WebClient,219425528,0,210954399,687,962078
12:02:13,47,WebClient,219425528,0,210954399,687,962594
12:02:14,47,WebClient,219425528,0,210954399,687,963110
12:02:14,47,WebClient,219425528,0,210954399,687,963625
12:02:15,47,WebClient,219425528,0,210954399,687,964125
12:02:15,47,WebClient,219425528,0,210954399,687,964641
12:02:16,47,WebClient,219425528,0,210954399,687,965156
12:02:16,47,WebClient,219425528,0,210954399,687,965672
12:02:17,47,WebClient,219425528,0,210954399,687,966188
12:02:17,47,WebClient,219425528,0,210954399,687,966703
12:02:18,47,WebClient,219425528,0,210954399,687,967219
12:02:18,47,WebClient,219425528,0,210954399,687,967735
12:02:19,47,WebClient,219425528,0,210954399,687,968250
12:02:19,47,WebClient,219425528,0,210954399,687,968766
12:02:20,47,WebClient,252602352,0,210954399,812,969266
12:02:20,47,WebClient,252602352,0,210954399,812,969797
12:02:21,47,WebClient,252602352,0,210954399,812,970313
12:02:21,47,WebClient,252602352,0,210954399,812,970828
12:02:22,47,WebClient,252602352,0,210954399,812,971344
12:02:22,47,WebClient,252602352,0,210954399,812,971860
12:02:23,47,WebClient,252602352,0,210954399,812,972360
12:02:23,47,WebClient,252602352,0,210954399,812,972875
12:02:24,47,WebClient,252602352,0,210954399,812,973391
12:02:25,47,WebClient,252602352,0,210954399,812,973906
12:02:25,47,WebClient,252602352,0,210954399,812,974422
12:02:26,47,WebClient,252602352,0,210954399,812,974938
12:02:26,47,WebClient,252602352,0,210954399,812,975453
12:02:27,47,WebClient,252602352,0,210954399,812,975969
12:02:27,47,WebClient,252602352,0,210954399,812,976469
12:02:28,47,WebClient,252602352,0,210954399,812,976985
12:02:28,47,WebClient,252602352,0,210954399,812,977500
12:02:29,47,WebClient,252602352,0,210954399,812,978016
12:02:29,47,WebClient,252602352,0,210954399,812,978531
12:02:30,47,WebClient,252602352,0,210954399,812,979047
12:02:30,47,WebClient,252602352,0,210954399,812,979563
12:02:31,47,WebClient,252602352,0,210954399,812,980078
12:02:31,47,WebClient,252602352,0,210954399,812,980594
12:02:32,47,WebClient,252602352,0,210954399,812,981094
12:02:32,47,WebClient,252602352,0,210954399,812,981610
12:02:33,47,WebClient,252602352,0,210954399,812,982125
12:02:33,47,WebClient,252602352,0,210954399,812,982641
12:02:34,47,WebClient,252602352,0,210954399,812,983156
12:02:34,47,WebClient,252602352,0,210954399,812,983672
12:02:35,47,WebClient,252602352,0,210954399,812,984172
12:02:35,47,WebClient,252602352,0,210954399,812,984688
12:02:36,47,WebClient,252602352,0,210954399,812,985203
12:02:36,47,WebClient,252602352,0,210954399,812,985719
12:02:37,47,WebClient,252602352,0,210954399,812,986250
12:02:37,47,WebClient,252602352,0,210954399,812,986797
12:02:38,47,WebClient,252602352,0,210954399,812,987313
12:02:38,47,WebClient,252602352,0,210954399,812,987828
12:02:39,47,WebClient,252602352,0,210954399,812,988328
12:02:39,47,WebClient,252602352,0,210954399,812,988844
12:02:40,47,WebClient,252602352,0,210954399,812,989360
12:02:40,47,WebClient,252602352,0,210954399,812,989860
12:02:41,47,WebClient,252602352,0,210954399,812,990375
12:02:41,47,WebClient,252602352,0,210954399,812,990875
12:02:42,47,WebClient,252602352,0,210954399,812,991391
12:02:43,47,WebClient,252602352,0,210954399,812,991906
12:02:43,47,WebClient,252602352,0,210954399,812,992406
12:02:44,47,WebClient,252602352,0,210954399,812,992922
12:02:44,47,WebClient,252602352,0,210954399,812,993438
12:02:45,47,WebClient,252602352,0,210954399,812,993938
12:02:45,47,WebClient,252602352,0,210954399,812,994453
12:02:46,47,WebClient,252602352,0,210954399,812,994969
12:02:46,47,WebClient,252602352,0,210954399,812,995469
12:02:47,47,WebClient,252602352,0,210954399,812,995985
12:02:47,47,WebClient,252602352,0,210954399,812,996500
12:02:48,47,WebClient,252602352,0,210954399,812,997016
12:02:48,47,WebClient,252602352,0,210954399,812,997516
12:02:49,47,WebClient,252602352,0,210954399,812,998031
12:02:49,47,WebClient,252602352,0,210954399,812,998547
12:02:50,47,WebClient,252602352,0,210954399,812,999047
12:02:50,47,WebClient,252602352,0,210954399,812,999563
12:02:51,47,WebClient,252602352,0,210954399,812,1000078
12:02:51,47,WebClient,252602352,0,210954399,812,1000594
12:02:52,47,WebClient,252602352,0,210954399,812,1001094
12:02:52,47,WebClient,252602352,0,210954399,812,1001610
12:02:53,47,WebClient,252602352,0,210954399,812,1002125
12:02:53,47,WebClient,252602352,0,210954399,812,1002625
12:02:54,47,WebClient,252602352,0,210954399,812,1003141
12:02:54,47,WebClient,252602352,0,210954399,812,1003656
12:02:55,47,WebClient,252602352,0,210954399,812,1004172
12:02:55,47,WebClient,252602352,0,210954399,812,1004688
12:02:56,47,WebClient,252602352,0,210954399,812,1005203
12:02:56,47,WebClient,252602352,0,210954399,812,1005719
12:02:57,47,WebClient,252602352,0,210954399,812,1006235
12:02:57,47,WebClient,252602352,0,210954399,812,1006750
12:02:58,47,WebClient,252602352,0,210954399,812,1007266
12:02:58,47,WebClient,252602352,0,210954399,812,1007781
12:02:59,47,WebClient,252602352,0,210954399,812,1008297
12:02:59,47,WebClient,252602352,0,210954399,812,1008813
12:03:00,47,WebClient,252602352,0,210954399,812,1009328
12:03:00,47,WebClient,252602352,0,210954399,812,1009844
12:03:01,47,WebClient,252602352,0,210954399,812,1010360
12:03:01,47,WebClient,252602352,0,210954399,812,1010860
12:03:02,47,WebClient,252602352,0,210954399,812,1011375
12:03:02,47,WebClient,252602352,0,210954399,812,1011891
12:03:03,47,WebClient,252602352,0,210954399,812,1012406
12:03:04,47,WebClient,252602352,0,210954399,812,1012922
12:03:04,47,WebClient,252602352,0,210954399,812,1013438
12:03:05,47,WebClient,252602352,0,210954399,812,1013953
12:03:05,47,WebClient,252602352,0,210954399,812,1014453
12:03:06,47,WebClient,252602352,0,210954399,812,1014969
12:03:06,47,WebClient,252602352,0,210954399,812,1015485
12:03:07,47,WebClient,252602352,0,210954399,812,1016000
12:03:07,47,WebClient,252602352,0,210954399,812,1016500
12:03:08,47,WebClient,252602352,0,210954399,812,1017016
12:03:08,47,WebClient,252602352,0,210954399,812,1017531
12:03:09,47,WebClient,252602352,0,210954399,812,1018031
12:03:09,47,WebClient,252602352,0,210954399,812,1018547
12:03:10,47,WebClient,252602352,0,210954399,812,1019063
12:03:10,47,WebClient,252602352,0,210954399,812,1019563
12:03:11,47,WebClient,252602352,0,210954399,812,1020078
12:03:11,47,WebClient,252602352,0,210954399,812,1020594
12:03:12,47,WebClient,252602352,0,210954399,812,1021094
12:03:12,47,WebClient,252602352,0,210954399,812,1021610
12:03:13,47,WebClient,252602352,0,210954399,812,1022125
12:03:13,47,WebClient,252602352,0,210954399,812,1022641
12:03:14,47,WebClient,252602352,0,210954399,812,1023156
12:03:14,47,WebClient,252602352,0,210954399,812,1023656
12:03:15,47,WebClient,252602352,0,210954399,812,1024172
12:03:15,47,WebClient,252602352,0,210954399,812,1024688
12:03:16,47,WebClient,252602352,0,210954399,812,1025203
12:03:16,47,WebClient,252602352,0,210954399,812,1025719
12:03:17,47,WebClient,252602352,0,210954399,812,1026235
12:03:17,47,WebClient,252602352,0,210954399,812,1026735
12:03:18,47,WebClient,252602352,0,210954399,812,1027250
12:03:18,47,WebClient,252602352,0,210954399,812,1027766
12:03:19,47,WebClient,252602352,0,210954399,812,1028281
12:03:19,47,WebClient,252602352,0,210954399,812,1028813
12:03:20,47,WebClient,252602352,0,210954399,812,1029313
12:03:20,47,WebClient,252602352,0,210954399,812,1029828
12:03:21,47,WebClient,252602352,0,210954399,812,1030360
12:03:21,47,WebClient,252602352,0,210954399,812,1030875
12:03:22,47,WebClient,252602352,0,210954399,812,1031375
12:03:22,47,WebClient,252602352,0,210954399,812,1031891
12:03:23,47,WebClient,252602352,0,210954399,812,1032406
12:03:24,47,WebClient,252602352,0,210954399,812,1032922
12:03:24,47,WebClient,252602352,0,210954399,812,1033438
12:03:25,47,WebClient,252602352,0,210954399,812,1033953
12:03:25,47,WebClient,280510392,0,210954399,1140,1034469
12:03:26,47,WebClient,354374976,0,210954399,1656,1034969
12:03:26,47,WebClient,435447680,0,210954399,2156,1035485
12:03:27,47,WebClient,505903912,0,210954399,2656,1036000
12:03:27,47,WebClient,588632472,0,210954399,3171,1036516
12:03:28,47,WebClient,673028144,0,210954399,3687,1037016
12:03:28,47,WebClient,769176744,0,210954399,4187,1037531
12:03:29,47,WebClient,560824936,0,210954399,4703,1038047
12:03:29,47,WebClient,598041752,0,210954399,5218,1038547
12:03:30,47,WebClient,626666784,0,210954399,5718,1039063
12:03:30,47,WebClient,638640376,0,210954399,6234,1039578
12:03:31,47,WebClient,632177336,0,210954399,6750,1040078
12:03:31,47,WebClient,652791960,0,210954399,7250,1040594
12:03:32,47,WebClient,660638192,0,210954399,7765,1041094
12:03:32,47,WebClient,674486136,0,210954399,8265,1041610
12:03:33,47,WebClient,696073312,0,210954399,8765,1042125
12:03:33,47,WebClient,703827280,0,210954399,9265,1042625
12:03:34,47,WebClient,628350848,0,210954399,9515,1043141
12:03:34,47,WebClient,912585872,0,210954399,10031,1043641
12:03:35,47,WebClient,1183459056,0,210954399,10531,1044156
12:03:35,47,WebClient,1459029520,0,210954399,11046,1044656
12:03:36,47,WebClient,1736986208,0,210954399,11546,1045172
12:03:36,47,WebClient,1985202304,0,210954399,12062,1045688
12:03:37,47,WebClient,2216196976,0,210954399,12562,1046188
12:03:37,47,WebClient,2429629856,0,210954399,13078,1046703
12:03:38,47,WebClient,2649179280,0,210954399,13593,1047219
12:03:38,47,WebClient,2848608544,0,210954399,14125,1047735
12:03:39,47,WebClient,3033705712,0,210954399,14609,1048250
12:03:39,47,WebClient,3211992704,0,210954399,15093,1048766
12:03:40,47,WebClient,3380318608,0,210954399,15609,1049281
12:03:40,47,WebClient,3550272576,0,210954399,16125,1049781
12:03:41,47,WebClient,3700053648,0,210954399,16640,1050297
12:03:41,47,WebClient,3856191488,0,210954399,17156,1050813
12:03:42,47,WebClient,4040448800,0,210954399,17656,1051328
12:03:42,47,WebClient,4241885152,0,210954399,18171,1051844
12:03:43,47,WebClient,4021547032,0,210954399,18671,1052344
12:03:43,47,WebClient,3798316208,0,210954399,19156,1052860
12:03:44,47,WebClient,3292993472,0,210954399,19671,1053375
12:03:44,47,WebClient,3292936288,0,210954399,20187,1053875
12:03:45,47,WebClient,3292970224,0,210954399,20656,1054391
12:03:46,47,WebClient,3292970224,0,210954399,21171,1054906
12:03:46,47,WebClient,3292937440,0,210954399,21656,1055406
12:03:47,47,WebClient,3292970224,0,210954399,22156,1055922
12:03:47,47,WebClient,3292970224,0,210954399,22671,1056422
12:03:48,47,WebClient,3292937440,0,210954399,23171,1056938
12:03:48,47,WebClient,3292970224,0,210954399,23687,1057453
12:03:49,47,WebClient,3292937440,0,210954399,24203,1057953
12:03:49,47,WebClient,3292937440,0,210954399,24703,1058469
12:03:50,47,WebClient,2888116624,0,210954399,25218,1058985
12:03:50,47,WebClient,1629116016,0,210954399,25734,1059485
12:03:51,47,WebClient,0,0,230924175,0,0
12:03:51,47,WebClient,0,0,230924175,0,0
12:03:52,47,WebClient,0,0,230924175,0,0
12:03:52,47,WebClient,0,0,230924175,0,0
12:03:53,47,WebClient,0,0,230924175,0,0
12:03:53,47,WebClient,0,0,230924175,0,0
12:03:54,47,WebClient,0,0,230924175,0,0
12:03:54,47,WebClient,0,0,230924175,0,0
12:03:55,47,WebClient,0,0,230924175,0,0
12:03:55,47,WebClient,0,0,230924175,0,0
12:03:56,47,WebClient,0,0,230924175,0,0
12:03:56,47,WebClient,0,0,230924175,0,0
12:03:57,47,WebClient,0,0,230924175,0,0
12:03:57,47,WebClient,0,0,230924175,0,0
12:03:58,47,WebClient,0,0,230924175,0,0
12:03:58,47,WebClient,0,0,230924175,0,0
12:03:59,47,WebClient,0,0,230924175,0,0
12:03:59,47,WebClient,0,0,230924175,0,0
12:04:00,47,WebClient,0,0,230924175,0,0
12:04:00,47,WebClient,0,0,230924175,0,0
12:04:01,47,WebClient,0,0,210954399,0,0
12:04:01,47,WebClient,0,0,210954399,0,0
12:04:02,47,WebClient,0,0,210954399,0,0
