вид;начало_мс;длительность_мс;код_ответа;строк_доп_сведений;строк_фп;строк_сча
прочее;63926272208962;44;0;0;0;0
прочее;63926272209067;65;0;0;0;0
прочее;63926272209069;38;0;0;0;0
прочее;63926272209091;35;0;0;0;0
прочее;63926272209106;46;0;0;0;0
754: флаг до позиции;63926272209411;447;0;45;0;0
754: флаг до позиции;63926272209450;435;0;45;0;0
754: флаг до позиции;63926272209463;436;0;45;0;0
754: флаг до позиции;63926272209473;430;0;45;0;0
754: флаг до позиции;63926272209536;431;0;45;0;0
768: позиция;63926272209918;884;0;0;180;45
768: позиция;63926272209949;892;0;0;180;45
768: позиция;63926272209964;890;0;0;180;45
768: позиция;63926272209968;856;0;0;180;45
768: позиция;63926272210023;874;0;0;180;45
удаление блокировок;63926272210835;25;0;0;0;0
удаление блокировок;63926272210856;26;0;0;0;0
удаление блокировок;63926272210873;26;0;0;0;0
удаление блокировок;63926272210886;26;0;0;0;0
удаление блокировок;63926272210929;24;0;0;0;0
872: флаги после позиции;63926272211022;1190;0;135;0;0
872: флаги после позиции;63926272211024;1172;0;135;0;0
872: флаги после позиции;63926272211024;1208;0;135;0;0
872: флаги после позиции;63926272211038;1234;0;135;0;0
872: флаги после позиции;63926272211074;1159;0;135;0;0
4-й: запуск перерасчета РСА;63926272212226;823;0;0;0;0
4-й: запуск перерасчета РСА;63926272212243;822;0;0;0;0
4-й: запуск перерасчета РСА;63926272212261;836;0;0;0;0
4-й: запуск перерасчета РСА;63926272212265;832;0;0;0;0
4-й: запуск перерасчета РСА;63926272212303;826;0;0;0;0
754: флаг до позиции;63926272213416;615;0;45;0;0
754: флаг до позиции;63926272213423;601;0;45;0;0
754: флаг до позиции;63926272213466;610;0;45;0;0
754: флаг до позиции;63926272213471;585;0;45;0;0
754: флаг до позиции;63926272213522;620;0;45;0;0
768: позиция;63926272214124;1134;0;0;180;45
768: позиция;63926272214129;1149;0;0;180;45
768: позиция;63926272214154;1178;0;0;180;45
768: позиция;63926272214171;1129;0;0;180;45
768: позиция;63926272214252;1154;0;0;180;45
удаление блокировок;63926272215287;33;0;0;0;0
удаление блокировок;63926272215309;20;0;0;0;0
удаление блокировок;63926272215329;22;0;0;0;0
872: флаги после позиции;63926272215362;1205;0;135;0;0
удаление блокировок;63926272215363;22;0;0;0;0
872: флаги после позиции;63926272215370;1172;0;135;0;0
872: флаги после позиции;63926272215390;1208;0;135;0;0
872: флаги после позиции;63926272215428;1235;0;135;0;0
удаление блокировок;63926272215437;24;0;0;0;0
872: флаги после позиции;63926272215502;1164;0;135;0;0
4-й: запуск перерасчета РСА;63926272216572;833;0;0;0;0
4-й: запуск перерасчета РСА;63926272216598;840;0;0;0;0
4-й: запуск перерасчета РСА;63926272216629;841;0;0;0;0
4-й: запуск перерасчета РСА;63926272216693;839;0;0;0;0
4-й: запуск перерасчета РСА;63926272216696;836;0;0;0;0
